01-Jun-2026 06:28:39.562 INFO [main] org.apache.catalina.startup.VersionLoggerListener.log Server version name:   Apache Tomcat/9.0.108
01-Jun-2026 06:28:39.566 INFO [main] org.apache.catalina.startup.VersionLoggerListener.log Server built:          Jul 31 2025 18:19:48 UTC
01-Jun-2026 06:28:39.567 INFO [main] org.apache.catalina.startup.VersionLoggerListener.log Server version number: 9.0.108.0
01-Jun-2026 06:28:39.567 INFO [main] org.apache.catalina.startup.VersionLoggerListener.log OS Name:               Linux
01-Jun-2026 06:28:39.568 INFO [main] org.apache.catalina.startup.VersionLoggerListener.log OS Version:            6.8.0-1052-azure
01-Jun-2026 06:28:39.568 INFO [main] org.apache.catalina.startup.VersionLoggerListener.log Architecture:          amd64
01-Jun-2026 06:28:39.568 INFO [main] org.apache.catalina.startup.VersionLoggerListener.log Java Home:             /usr/local/sdkman/candidates/java/25.0.2-ms
01-Jun-2026 06:28:39.568 INFO [main] org.apache.catalina.startup.VersionLoggerListener.log JVM Version:           25.0.2+10-LTS
01-Jun-2026 06:28:39.568 INFO [main] org.apache.catalina.startup.VersionLoggerListener.log JVM Vendor:            Microsoft
01-Jun-2026 06:28:39.568 INFO [main] org.apache.catalina.startup.VersionLoggerListener.log CATALINA_BASE:         /workspaces/Cuoi_ki/WEB chuyển đổi/apache-tomcat-9.0.108
01-Jun-2026 06:28:39.569 INFO [main] org.apache.catalina.startup.VersionLoggerListener.log CATALINA_HOME:         /workspaces/Cuoi_ki/WEB chuyển đổi/apache-tomcat-9.0.108
01-Jun-2026 06:28:39.599 INFO [main] org.apache.catalina.startup.VersionLoggerListener.log Command line argument: --add-opens=java.base/java.lang=ALL-UNNAMED
01-Jun-2026 06:28:39.599 INFO [main] org.apache.catalina.startup.VersionLoggerListener.log Command line argument: --add-opens=java.base/java.lang.invoke=ALL-UNNAMED
01-Jun-2026 06:28:39.599 INFO [main] org.apache.catalina.startup.VersionLoggerListener.log Command line argument: --add-opens=java.base/java.lang.reflect=ALL-UNNAMED
01-Jun-2026 06:28:39.600 INFO [main] org.apache.catalina.startup.VersionLoggerListener.log Command line argument: --add-opens=java.base/java.io=ALL-UNNAMED
01-Jun-2026 06:28:39.600 INFO [main] org.apache.catalina.startup.VersionLoggerListener.log Command line argument: --add-opens=java.base/java.util=ALL-UNNAMED
01-Jun-2026 06:28:39.600 INFO [main] org.apache.catalina.startup.VersionLoggerListener.log Command line argument: --add-opens=java.base/java.util.concurrent=ALL-UNNAMED
01-Jun-2026 06:28:39.600 INFO [main] org.apache.catalina.startup.VersionLoggerListener.log Command line argument: --add-opens=java.rmi/sun.rmi.transport=ALL-UNNAMED
01-Jun-2026 06:28:39.600 INFO [main] org.apache.catalina.startup.VersionLoggerListener.log Command line argument: -Djava.util.logging.config.file=/workspaces/Cuoi_ki/WEB chuyển đổi/apache-tomcat-9.0.108/conf/logging.properties
01-Jun-2026 06:28:39.600 INFO [main] org.apache.catalina.startup.VersionLoggerListener.log Command line argument: -Djava.util.logging.manager=org.apache.juli.ClassLoaderLogManager
01-Jun-2026 06:28:39.600 INFO [main] org.apache.catalina.startup.VersionLoggerListener.log Command line argument: -Djdk.tls.ephemeralDHKeySize=2048
01-Jun-2026 06:28:39.600 INFO [main] org.apache.catalina.startup.VersionLoggerListener.log Command line argument: -Djava.protocol.handler.pkgs=org.apache.catalina.webresources
01-Jun-2026 06:28:39.601 INFO [main] org.apache.catalina.startup.VersionLoggerListener.log Command line argument: -Dsun.io.useCanonCaches=false
01-Jun-2026 06:28:39.601 INFO [main] org.apache.catalina.startup.VersionLoggerListener.log Command line argument: -Dorg.apache.catalina.security.SecurityListener.UMASK=0027
01-Jun-2026 06:28:39.601 INFO [main] org.apache.catalina.startup.VersionLoggerListener.log Command line argument: -Dignore.endorsed.dirs=
01-Jun-2026 06:28:39.601 INFO [main] org.apache.catalina.startup.VersionLoggerListener.log Command line argument: -Dcatalina.base=/workspaces/Cuoi_ki/WEB chuyển đổi/apache-tomcat-9.0.108
01-Jun-2026 06:28:39.601 INFO [main] org.apache.catalina.startup.VersionLoggerListener.log Command line argument: -Dcatalina.home=/workspaces/Cuoi_ki/WEB chuyển đổi/apache-tomcat-9.0.108
01-Jun-2026 06:28:39.601 INFO [main] org.apache.catalina.startup.VersionLoggerListener.log Command line argument: -Djava.io.tmpdir=/workspaces/Cuoi_ki/WEB chuyển đổi/apache-tomcat-9.0.108/temp
01-Jun-2026 06:28:39.606 INFO [main] org.apache.catalina.core.AprLifecycleListener.lifecycleEvent The Apache Tomcat Native library which allows using OpenSSL was not found on the java.library.path: [/usr/java/packages/lib:/usr/lib64:/lib64:/lib:/usr/lib]
01-Jun-2026 06:28:40.258 INFO [main] org.apache.coyote.AbstractProtocol.init Initializing ProtocolHandler ["http-nio-8080"]
01-Jun-2026 06:28:40.291 INFO [main] org.apache.catalina.startup.Catalina.load Server initialization in [1162] milliseconds
01-Jun-2026 06:28:40.361 INFO [main] org.apache.catalina.core.StandardService.startInternal Starting service [Catalina]
01-Jun-2026 06:28:40.362 INFO [main] org.apache.catalina.core.StandardEngine.startInternal Starting Servlet engine: [Apache Tomcat/9.0.108]
01-Jun-2026 06:28:40.386 INFO [main] org.apache.catalina.startup.HostConfig.deployWAR Deploying web application archive [/workspaces/Cuoi_ki/WEB chuyển đổi/apache-tomcat-9.0.108/webapps/ROOT.war]
01-Jun-2026 06:28:41.091 INFO [main] org.apache.catalina.startup.HostConfig.deployWAR Deployment of web application archive [/workspaces/Cuoi_ki/WEB chuyển đổi/apache-tomcat-9.0.108/webapps/ROOT.war] has finished in [701] ms
01-Jun-2026 06:28:41.093 INFO [main] org.apache.catalina.startup.HostConfig.deployWAR Deploying web application archive [/workspaces/Cuoi_ki/WEB chuyển đổi/apache-tomcat-9.0.108/webapps/webchuyendoi-1.0.war]
01-Jun-2026 06:28:41.145 INFO [main] org.apache.catalina.startup.HostConfig.deployWAR Deployment of web application archive [/workspaces/Cuoi_ki/WEB chuyển đổi/apache-tomcat-9.0.108/webapps/webchuyendoi-1.0.war] has finished in [52] ms
01-Jun-2026 06:28:41.148 INFO [main] org.apache.catalina.startup.HostConfig.deployDirectory Deploying web application directory [/workspaces/Cuoi_ki/WEB chuyển đổi/apache-tomcat-9.0.108/webapps/host-manager]
01-Jun-2026 06:28:41.208 INFO [main] org.apache.catalina.startup.HostConfig.deployDirectory Deployment of web application directory [/workspaces/Cuoi_ki/WEB chuyển đổi/apache-tomcat-9.0.108/webapps/host-manager] has finished in [60] ms
01-Jun-2026 06:28:41.210 INFO [main] org.apache.catalina.startup.HostConfig.deployDirectory Deploying web application directory [/workspaces/Cuoi_ki/WEB chuyển đổi/apache-tomcat-9.0.108/webapps/examples]
01-Jun-2026 06:28:41.882 INFO [main] org.apache.catalina.startup.HostConfig.deployDirectory Deployment of web application directory [/workspaces/Cuoi_ki/WEB chuyển đổi/apache-tomcat-9.0.108/webapps/examples] has finished in [672] ms
01-Jun-2026 06:28:41.882 INFO [main] org.apache.catalina.startup.HostConfig.deployDirectory Deploying web application directory [/workspaces/Cuoi_ki/WEB chuyển đổi/apache-tomcat-9.0.108/webapps/docs]
01-Jun-2026 06:28:41.903 INFO [main] org.apache.catalina.startup.HostConfig.deployDirectory Deployment of web application directory [/workspaces/Cuoi_ki/WEB chuyển đổi/apache-tomcat-9.0.108/webapps/docs] has finished in [20] ms
01-Jun-2026 06:28:41.903 INFO [main] org.apache.catalina.startup.HostConfig.deployDirectory Deploying web application directory [/workspaces/Cuoi_ki/WEB chuyển đổi/apache-tomcat-9.0.108/webapps/manager]
01-Jun-2026 06:28:41.929 INFO [main] org.apache.catalina.startup.HostConfig.deployDirectory Deployment of web application directory [/workspaces/Cuoi_ki/WEB chuyển đổi/apache-tomcat-9.0.108/webapps/manager] has finished in [26] ms
01-Jun-2026 06:28:41.933 INFO [main] org.apache.coyote.AbstractProtocol.start Starting ProtocolHandler ["http-nio-8080"]
01-Jun-2026 06:28:41.943 INFO [main] org.apache.catalina.startup.Catalina.start Server startup in [1650] milliseconds
01-Jun-2026 06:32:09.607 INFO [main] org.apache.catalina.core.StandardServer.await A valid shutdown command was received via the shutdown port. Stopping the Server instance.
01-Jun-2026 06:32:09.608 INFO [main] org.apache.coyote.AbstractProtocol.pause Pausing ProtocolHandler ["http-nio-8080"]
01-Jun-2026 06:32:09.614 INFO [main] org.apache.catalina.core.StandardService.stopInternal Stopping service [Catalina]
01-Jun-2026 06:32:09.708 INFO [main] org.apache.coyote.AbstractProtocol.stop Stopping ProtocolHandler ["http-nio-8080"]
01-Jun-2026 06:32:09.715 INFO [main] org.apache.coyote.AbstractProtocol.destroy Destroying ProtocolHandler ["http-nio-8080"]
01-Jun-2026 06:32:16.523 INFO [main] org.apache.catalina.startup.VersionLoggerListener.log Server version name:   Apache Tomcat/9.0.108
01-Jun-2026 06:32:16.530 INFO [main] org.apache.catalina.startup.VersionLoggerListener.log Server built:          Jul 31 2025 18:19:48 UTC
01-Jun-2026 06:32:16.531 INFO [main] org.apache.catalina.startup.VersionLoggerListener.log Server version number: 9.0.108.0
01-Jun-2026 06:32:16.531 INFO [main] org.apache.catalina.startup.VersionLoggerListener.log OS Name:               Linux
01-Jun-2026 06:32:16.531 INFO [main] org.apache.catalina.startup.VersionLoggerListener.log OS Version:            6.8.0-1052-azure
01-Jun-2026 06:32:16.532 INFO [main] org.apache.catalina.startup.VersionLoggerListener.log Architecture:          amd64
01-Jun-2026 06:32:16.532 INFO [main] org.apache.catalina.startup.VersionLoggerListener.log Java Home:             /usr/local/sdkman/candidates/java/25.0.2-ms
01-Jun-2026 06:32:16.532 INFO [main] org.apache.catalina.startup.VersionLoggerListener.log JVM Version:           25.0.2+10-LTS
01-Jun-2026 06:32:16.532 INFO [main] org.apache.catalina.startup.VersionLoggerListener.log JVM Vendor:            Microsoft
01-Jun-2026 06:32:16.532 INFO [main] org.apache.catalina.startup.VersionLoggerListener.log CATALINA_BASE:         /workspaces/Cuoi_ki/WEB chuyển đổi/apache-tomcat-9.0.108
01-Jun-2026 06:32:16.532 INFO [main] org.apache.catalina.startup.VersionLoggerListener.log CATALINA_HOME:         /workspaces/Cuoi_ki/WEB chuyển đổi/apache-tomcat-9.0.108
01-Jun-2026 06:32:16.546 INFO [main] org.apache.catalina.startup.VersionLoggerListener.log Command line argument: --add-opens=java.base/java.lang=ALL-UNNAMED
01-Jun-2026 06:32:16.546 INFO [main] org.apache.catalina.startup.VersionLoggerListener.log Command line argument: --add-opens=java.base/java.lang.invoke=ALL-UNNAMED
01-Jun-2026 06:32:16.546 INFO [main] org.apache.catalina.startup.VersionLoggerListener.log Command line argument: --add-opens=java.base/java.lang.reflect=ALL-UNNAMED
01-Jun-2026 06:32:16.546 INFO [main] org.apache.catalina.startup.VersionLoggerListener.log Command line argument: --add-opens=java.base/java.io=ALL-UNNAMED
01-Jun-2026 06:32:16.546 INFO [main] org.apache.catalina.startup.VersionLoggerListener.log Command line argument: --add-opens=java.base/java.util=ALL-UNNAMED
01-Jun-2026 06:32:16.546 INFO [main] org.apache.catalina.startup.VersionLoggerListener.log Command line argument: --add-opens=java.base/java.util.concurrent=ALL-UNNAMED
01-Jun-2026 06:32:16.547 INFO [main] org.apache.catalina.startup.VersionLoggerListener.log Command line argument: --add-opens=java.rmi/sun.rmi.transport=ALL-UNNAMED
01-Jun-2026 06:32:16.547 INFO [main] org.apache.catalina.startup.VersionLoggerListener.log Command line argument: -Djava.util.logging.config.file=/workspaces/Cuoi_ki/WEB chuyển đổi/apache-tomcat-9.0.108/conf/logging.properties
01-Jun-2026 06:32:16.547 INFO [main] org.apache.catalina.startup.VersionLoggerListener.log Command line argument: -Djava.util.logging.manager=org.apache.juli.ClassLoaderLogManager
01-Jun-2026 06:32:16.547 INFO [main] org.apache.catalina.startup.VersionLoggerListener.log Command line argument: -Djdk.tls.ephemeralDHKeySize=2048
01-Jun-2026 06:32:16.547 INFO [main] org.apache.catalina.startup.VersionLoggerListener.log Command line argument: -Djava.protocol.handler.pkgs=org.apache.catalina.webresources
01-Jun-2026 06:32:16.547 INFO [main] org.apache.catalina.startup.VersionLoggerListener.log Command line argument: -Dsun.io.useCanonCaches=false
01-Jun-2026 06:32:16.547 INFO [main] org.apache.catalina.startup.VersionLoggerListener.log Command line argument: -Dorg.apache.catalina.security.SecurityListener.UMASK=0027
01-Jun-2026 06:32:16.547 INFO [main] org.apache.catalina.startup.VersionLoggerListener.log Command line argument: -Dignore.endorsed.dirs=
01-Jun-2026 06:32:16.547 INFO [main] org.apache.catalina.startup.VersionLoggerListener.log Command line argument: -Dcatalina.base=/workspaces/Cuoi_ki/WEB chuyển đổi/apache-tomcat-9.0.108
01-Jun-2026 06:32:16.552 INFO [main] org.apache.catalina.startup.VersionLoggerListener.log Command line argument: -Dcatalina.home=/workspaces/Cuoi_ki/WEB chuyển đổi/apache-tomcat-9.0.108
01-Jun-2026 06:32:16.552 INFO [main] org.apache.catalina.startup.VersionLoggerListener.log Command line argument: -Djava.io.tmpdir=/workspaces/Cuoi_ki/WEB chuyển đổi/apache-tomcat-9.0.108/temp
01-Jun-2026 06:32:16.556 INFO [main] org.apache.catalina.core.AprLifecycleListener.lifecycleEvent The Apache Tomcat Native library which allows using OpenSSL was not found on the java.library.path: [/usr/java/packages/lib:/usr/lib64:/lib64:/lib:/usr/lib]
01-Jun-2026 06:32:17.107 INFO [main] org.apache.coyote.AbstractProtocol.init Initializing ProtocolHandler ["http-nio-8080"]
01-Jun-2026 06:32:17.147 INFO [main] org.apache.catalina.startup.Catalina.load Server initialization in [878] milliseconds
01-Jun-2026 06:32:17.206 INFO [main] org.apache.catalina.core.StandardService.startInternal Starting service [Catalina]
01-Jun-2026 06:32:17.207 INFO [main] org.apache.catalina.core.StandardEngine.startInternal Starting Servlet engine: [Apache Tomcat/9.0.108]
01-Jun-2026 06:32:17.231 INFO [main] org.apache.catalina.startup.HostConfig.deployWAR Deploying web application archive [/workspaces/Cuoi_ki/WEB chuyển đổi/apache-tomcat-9.0.108/webapps/ROOT.war]
01-Jun-2026 06:32:17.630 INFO [main] org.apache.catalina.startup.HostConfig.deployWAR Deployment of web application archive [/workspaces/Cuoi_ki/WEB chuyển đổi/apache-tomcat-9.0.108/webapps/ROOT.war] has finished in [395] ms
01-Jun-2026 06:32:17.631 INFO [main] org.apache.catalina.startup.HostConfig.deployWAR Deploying web application archive [/workspaces/Cuoi_ki/WEB chuyển đổi/apache-tomcat-9.0.108/webapps/webchuyendoi-1.0.war]
01-Jun-2026 06:32:17.673 INFO [main] org.apache.catalina.startup.HostConfig.deployWAR Deployment of web application archive [/workspaces/Cuoi_ki/WEB chuyển đổi/apache-tomcat-9.0.108/webapps/webchuyendoi-1.0.war] has finished in [42] ms
01-Jun-2026 06:32:17.674 INFO [main] org.apache.catalina.startup.HostConfig.deployDirectory Deploying web application directory [/workspaces/Cuoi_ki/WEB chuyển đổi/apache-tomcat-9.0.108/webapps/host-manager]
01-Jun-2026 06:32:17.729 INFO [main] org.apache.catalina.startup.HostConfig.deployDirectory Deployment of web application directory [/workspaces/Cuoi_ki/WEB chuyển đổi/apache-tomcat-9.0.108/webapps/host-manager] has finished in [56] ms
01-Jun-2026 06:32:17.729 INFO [main] org.apache.catalina.startup.HostConfig.deployDirectory Deploying web application directory [/workspaces/Cuoi_ki/WEB chuyển đổi/apache-tomcat-9.0.108/webapps/examples]
01-Jun-2026 06:32:18.082 INFO [main] org.apache.catalina.startup.HostConfig.deployDirectory Deployment of web application directory [/workspaces/Cuoi_ki/WEB chuyển đổi/apache-tomcat-9.0.108/webapps/examples] has finished in [352] ms
01-Jun-2026 06:32:18.082 INFO [main] org.apache.catalina.startup.HostConfig.deployDirectory Deploying web application directory [/workspaces/Cuoi_ki/WEB chuyển đổi/apache-tomcat-9.0.108/webapps/docs]
01-Jun-2026 06:32:18.120 INFO [main] org.apache.catalina.startup.HostConfig.deployDirectory Deployment of web application directory [/workspaces/Cuoi_ki/WEB chuyển đổi/apache-tomcat-9.0.108/webapps/docs] has finished in [37] ms
01-Jun-2026 06:32:18.122 INFO [main] org.apache.catalina.startup.HostConfig.deployDirectory Deploying web application directory [/workspaces/Cuoi_ki/WEB chuyển đổi/apache-tomcat-9.0.108/webapps/manager]
01-Jun-2026 06:32:18.150 INFO [main] org.apache.catalina.startup.HostConfig.deployDirectory Deployment of web application directory [/workspaces/Cuoi_ki/WEB chuyển đổi/apache-tomcat-9.0.108/webapps/manager] has finished in [28] ms
01-Jun-2026 06:32:18.154 INFO [main] org.apache.coyote.AbstractProtocol.start Starting ProtocolHandler ["http-nio-8080"]
01-Jun-2026 06:32:18.167 INFO [main] org.apache.catalina.startup.Catalina.start Server startup in [1018] milliseconds
01-Jun-2026 06:35:19.365 INFO [main] org.apache.catalina.core.StandardServer.await A valid shutdown command was received via the shutdown port. Stopping the Server instance.
01-Jun-2026 06:35:19.366 INFO [main] org.apache.coyote.AbstractProtocol.pause Pausing ProtocolHandler ["http-nio-8080"]
01-Jun-2026 06:35:19.373 INFO [main] org.apache.catalina.core.StandardService.stopInternal Stopping service [Catalina]
01-Jun-2026 06:35:19.443 INFO [main] org.apache.coyote.AbstractProtocol.stop Stopping ProtocolHandler ["http-nio-8080"]
01-Jun-2026 06:35:19.459 INFO [main] org.apache.coyote.AbstractProtocol.destroy Destroying ProtocolHandler ["http-nio-8080"]
01-Jun-2026 06:35:20.037 INFO [main] org.apache.catalina.startup.VersionLoggerListener.log Server version name:   Apache Tomcat/9.0.108
01-Jun-2026 06:35:20.042 INFO [main] org.apache.catalina.startup.VersionLoggerListener.log Server built:          Jul 31 2025 18:19:48 UTC
01-Jun-2026 06:35:20.042 INFO [main] org.apache.catalina.startup.VersionLoggerListener.log Server version number: 9.0.108.0
01-Jun-2026 06:35:20.042 INFO [main] org.apache.catalina.startup.VersionLoggerListener.log OS Name:               Linux
01-Jun-2026 06:35:20.043 INFO [main] org.apache.catalina.startup.VersionLoggerListener.log OS Version:            6.8.0-1052-azure
01-Jun-2026 06:35:20.043 INFO [main] org.apache.catalina.startup.VersionLoggerListener.log Architecture:          amd64
01-Jun-2026 06:35:20.043 INFO [main] org.apache.catalina.startup.VersionLoggerListener.log Java Home:             /usr/local/sdkman/candidates/java/25.0.2-ms
01-Jun-2026 06:35:20.043 INFO [main] org.apache.catalina.startup.VersionLoggerListener.log JVM Version:           25.0.2+10-LTS
01-Jun-2026 06:35:20.043 INFO [main] org.apache.catalina.startup.VersionLoggerListener.log JVM Vendor:            Microsoft
01-Jun-2026 06:35:20.043 INFO [main] org.apache.catalina.startup.VersionLoggerListener.log CATALINA_BASE:         /workspaces/Cuoi_ki/WEB chuyển đổi/apache-tomcat-9.0.108
01-Jun-2026 06:35:20.046 INFO [main] org.apache.catalina.startup.VersionLoggerListener.log CATALINA_HOME:         /workspaces/Cuoi_ki/WEB chuyển đổi/apache-tomcat-9.0.108
01-Jun-2026 06:35:20.063 INFO [main] org.apache.catalina.startup.VersionLoggerListener.log Command line argument: --add-opens=java.base/java.lang=ALL-UNNAMED
01-Jun-2026 06:35:20.063 INFO [main] org.apache.catalina.startup.VersionLoggerListener.log Command line argument: --add-opens=java.base/java.lang.invoke=ALL-UNNAMED
01-Jun-2026 06:35:20.063 INFO [main] org.apache.catalina.startup.VersionLoggerListener.log Command line argument: --add-opens=java.base/java.lang.reflect=ALL-UNNAMED
01-Jun-2026 06:35:20.063 INFO [main] org.apache.catalina.startup.VersionLoggerListener.log Command line argument: --add-opens=java.base/java.io=ALL-UNNAMED
01-Jun-2026 06:35:20.063 INFO [main] org.apache.catalina.startup.VersionLoggerListener.log Command line argument: --add-opens=java.base/java.util=ALL-UNNAMED
01-Jun-2026 06:35:20.063 INFO [main] org.apache.catalina.startup.VersionLoggerListener.log Command line argument: --add-opens=java.base/java.util.concurrent=ALL-UNNAMED
01-Jun-2026 06:35:20.064 INFO [main] org.apache.catalina.startup.VersionLoggerListener.log Command line argument: --add-opens=java.rmi/sun.rmi.transport=ALL-UNNAMED
01-Jun-2026 06:35:20.068 INFO [main] org.apache.catalina.startup.VersionLoggerListener.log Command line argument: -Djava.util.logging.config.file=/workspaces/Cuoi_ki/WEB chuyển đổi/apache-tomcat-9.0.108/conf/logging.properties
01-Jun-2026 06:35:20.068 INFO [main] org.apache.catalina.startup.VersionLoggerListener.log Command line argument: -Djava.util.logging.manager=org.apache.juli.ClassLoaderLogManager
01-Jun-2026 06:35:20.068 INFO [main] org.apache.catalina.startup.VersionLoggerListener.log Command line argument: -Djdk.tls.ephemeralDHKeySize=2048
01-Jun-2026 06:35:20.068 INFO [main] org.apache.catalina.startup.VersionLoggerListener.log Command line argument: -Djava.protocol.handler.pkgs=org.apache.catalina.webresources
01-Jun-2026 06:35:20.068 INFO [main] org.apache.catalina.startup.VersionLoggerListener.log Command line argument: -Dsun.io.useCanonCaches=false
01-Jun-2026 06:35:20.068 INFO [main] org.apache.catalina.startup.VersionLoggerListener.log Command line argument: -Dorg.apache.catalina.security.SecurityListener.UMASK=0027
01-Jun-2026 06:35:20.068 INFO [main] org.apache.catalina.startup.VersionLoggerListener.log Command line argument: -Dignore.endorsed.dirs=
01-Jun-2026 06:35:20.069 INFO [main] org.apache.catalina.startup.VersionLoggerListener.log Command line argument: -Dcatalina.base=/workspaces/Cuoi_ki/WEB chuyển đổi/apache-tomcat-9.0.108
01-Jun-2026 06:35:20.069 INFO [main] org.apache.catalina.startup.VersionLoggerListener.log Command line argument: -Dcatalina.home=/workspaces/Cuoi_ki/WEB chuyển đổi/apache-tomcat-9.0.108
01-Jun-2026 06:35:20.069 INFO [main] org.apache.catalina.startup.VersionLoggerListener.log Command line argument: -Djava.io.tmpdir=/workspaces/Cuoi_ki/WEB chuyển đổi/apache-tomcat-9.0.108/temp
01-Jun-2026 06:35:20.075 INFO [main] org.apache.catalina.core.AprLifecycleListener.lifecycleEvent The Apache Tomcat Native library which allows using OpenSSL was not found on the java.library.path: [/usr/java/packages/lib:/usr/lib64:/lib64:/lib:/usr/lib]
01-Jun-2026 06:35:20.600 INFO [main] org.apache.coyote.AbstractProtocol.init Initializing ProtocolHandler ["http-nio-8080"]
01-Jun-2026 06:35:20.624 INFO [main] org.apache.catalina.startup.Catalina.load Server initialization in [840] milliseconds
01-Jun-2026 06:35:20.661 INFO [main] org.apache.catalina.core.StandardService.startInternal Starting service [Catalina]
01-Jun-2026 06:35:20.662 INFO [main] org.apache.catalina.core.StandardEngine.startInternal Starting Servlet engine: [Apache Tomcat/9.0.108]
01-Jun-2026 06:35:20.676 INFO [main] org.apache.catalina.startup.HostConfig.deployWAR Deploying web application archive [/workspaces/Cuoi_ki/WEB chuyển đổi/apache-tomcat-9.0.108/webapps/ROOT.war]
01-Jun-2026 06:35:21.003 INFO [main] org.apache.catalina.startup.HostConfig.deployWAR Deployment of web application archive [/workspaces/Cuoi_ki/WEB chuyển đổi/apache-tomcat-9.0.108/webapps/ROOT.war] has finished in [323] ms
01-Jun-2026 06:35:21.004 INFO [main] org.apache.catalina.startup.HostConfig.deployWAR Deploying web application archive [/workspaces/Cuoi_ki/WEB chuyển đổi/apache-tomcat-9.0.108/webapps/webchuyendoi-1.0.war]
01-Jun-2026 06:35:21.044 INFO [main] org.apache.catalina.startup.HostConfig.deployWAR Deployment of web application archive [/workspaces/Cuoi_ki/WEB chuyển đổi/apache-tomcat-9.0.108/webapps/webchuyendoi-1.0.war] has finished in [40] ms
01-Jun-2026 06:35:21.045 INFO [main] org.apache.catalina.startup.HostConfig.deployDirectory Deploying web application directory [/workspaces/Cuoi_ki/WEB chuyển đổi/apache-tomcat-9.0.108/webapps/host-manager]
01-Jun-2026 06:35:21.108 INFO [main] org.apache.catalina.startup.HostConfig.deployDirectory Deployment of web application directory [/workspaces/Cuoi_ki/WEB chuyển đổi/apache-tomcat-9.0.108/webapps/host-manager] has finished in [63] ms
01-Jun-2026 06:35:21.110 INFO [main] org.apache.catalina.startup.HostConfig.deployDirectory Deploying web application directory [/workspaces/Cuoi_ki/WEB chuyển đổi/apache-tomcat-9.0.108/webapps/examples]
01-Jun-2026 06:35:21.451 INFO [main] org.apache.catalina.startup.HostConfig.deployDirectory Deployment of web application directory [/workspaces/Cuoi_ki/WEB chuyển đổi/apache-tomcat-9.0.108/webapps/examples] has finished in [341] ms
01-Jun-2026 06:35:21.452 INFO [main] org.apache.catalina.startup.HostConfig.deployDirectory Deploying web application directory [/workspaces/Cuoi_ki/WEB chuyển đổi/apache-tomcat-9.0.108/webapps/docs]
01-Jun-2026 06:35:21.476 INFO [main] org.apache.catalina.startup.HostConfig.deployDirectory Deployment of web application directory [/workspaces/Cuoi_ki/WEB chuyển đổi/apache-tomcat-9.0.108/webapps/docs] has finished in [23] ms
01-Jun-2026 06:35:21.478 INFO [main] org.apache.catalina.startup.HostConfig.deployDirectory Deploying web application directory [/workspaces/Cuoi_ki/WEB chuyển đổi/apache-tomcat-9.0.108/webapps/manager]
01-Jun-2026 06:35:21.523 INFO [main] org.apache.catalina.startup.HostConfig.deployDirectory Deployment of web application directory [/workspaces/Cuoi_ki/WEB chuyển đổi/apache-tomcat-9.0.108/webapps/manager] has finished in [44] ms
01-Jun-2026 06:35:21.529 INFO [main] org.apache.coyote.AbstractProtocol.start Starting ProtocolHandler ["http-nio-8080"]
01-Jun-2026 06:35:21.546 INFO [main] org.apache.catalina.startup.Catalina.start Server startup in [920] milliseconds
01-Jun-2026 06:40:42.565 INFO [main] org.apache.catalina.startup.VersionLoggerListener.log Server version name:   Apache Tomcat/9.0.108
01-Jun-2026 06:40:42.569 INFO [main] org.apache.catalina.startup.VersionLoggerListener.log Server built:          Jul 31 2025 18:19:48 UTC
01-Jun-2026 06:40:42.570 INFO [main] org.apache.catalina.startup.VersionLoggerListener.log Server version number: 9.0.108.0
01-Jun-2026 06:40:42.570 INFO [main] org.apache.catalina.startup.VersionLoggerListener.log OS Name:               Linux
01-Jun-2026 06:40:42.570 INFO [main] org.apache.catalina.startup.VersionLoggerListener.log OS Version:            6.8.0-1052-azure
01-Jun-2026 06:40:42.570 INFO [main] org.apache.catalina.startup.VersionLoggerListener.log Architecture:          amd64
01-Jun-2026 06:40:42.570 INFO [main] org.apache.catalina.startup.VersionLoggerListener.log Java Home:             /usr/local/sdkman/candidates/java/25.0.2-ms
01-Jun-2026 06:40:42.570 INFO [main] org.apache.catalina.startup.VersionLoggerListener.log JVM Version:           25.0.2+10-LTS
01-Jun-2026 06:40:42.573 INFO [main] org.apache.catalina.startup.VersionLoggerListener.log JVM Vendor:            Microsoft
01-Jun-2026 06:40:42.573 INFO [main] org.apache.catalina.startup.VersionLoggerListener.log CATALINA_BASE:         /workspaces/Cuoi_ki/WEB chuyển đổi/apache-tomcat-9.0.108
01-Jun-2026 06:40:42.573 INFO [main] org.apache.catalina.startup.VersionLoggerListener.log CATALINA_HOME:         /workspaces/Cuoi_ki/WEB chuyển đổi/apache-tomcat-9.0.108
01-Jun-2026 06:40:42.581 INFO [main] org.apache.catalina.startup.VersionLoggerListener.log Command line argument: --add-opens=java.base/java.lang=ALL-UNNAMED
01-Jun-2026 06:40:42.586 INFO [main] org.apache.catalina.startup.VersionLoggerListener.log Command line argument: --add-opens=java.base/java.lang.invoke=ALL-UNNAMED
01-Jun-2026 06:40:42.586 INFO [main] org.apache.catalina.startup.VersionLoggerListener.log Command line argument: --add-opens=java.base/java.lang.reflect=ALL-UNNAMED
01-Jun-2026 06:40:42.586 INFO [main] org.apache.catalina.startup.VersionLoggerListener.log Command line argument: --add-opens=java.base/java.io=ALL-UNNAMED
01-Jun-2026 06:40:42.586 INFO [main] org.apache.catalina.startup.VersionLoggerListener.log Command line argument: --add-opens=java.base/java.util=ALL-UNNAMED
01-Jun-2026 06:40:42.586 INFO [main] org.apache.catalina.startup.VersionLoggerListener.log Command line argument: --add-opens=java.base/java.util.concurrent=ALL-UNNAMED
01-Jun-2026 06:40:42.586 INFO [main] org.apache.catalina.startup.VersionLoggerListener.log Command line argument: --add-opens=java.rmi/sun.rmi.transport=ALL-UNNAMED
01-Jun-2026 06:40:42.587 INFO [main] org.apache.catalina.startup.VersionLoggerListener.log Command line argument: -Djava.util.logging.config.file=/workspaces/Cuoi_ki/WEB chuyển đổi/apache-tomcat-9.0.108/conf/logging.properties
01-Jun-2026 06:40:42.587 INFO [main] org.apache.catalina.startup.VersionLoggerListener.log Command line argument: -Djava.util.logging.manager=org.apache.juli.ClassLoaderLogManager
01-Jun-2026 06:40:42.587 INFO [main] org.apache.catalina.startup.VersionLoggerListener.log Command line argument: -Djdk.tls.ephemeralDHKeySize=2048
01-Jun-2026 06:40:42.587 INFO [main] org.apache.catalina.startup.VersionLoggerListener.log Command line argument: -Djava.protocol.handler.pkgs=org.apache.catalina.webresources
01-Jun-2026 06:40:42.587 INFO [main] org.apache.catalina.startup.VersionLoggerListener.log Command line argument: -Dsun.io.useCanonCaches=false
01-Jun-2026 06:40:42.587 INFO [main] org.apache.catalina.startup.VersionLoggerListener.log Command line argument: -Dorg.apache.catalina.security.SecurityListener.UMASK=0027
01-Jun-2026 06:40:42.587 INFO [main] org.apache.catalina.startup.VersionLoggerListener.log Command line argument: -Dignore.endorsed.dirs=
01-Jun-2026 06:40:42.587 INFO [main] org.apache.catalina.startup.VersionLoggerListener.log Command line argument: -Dcatalina.base=/workspaces/Cuoi_ki/WEB chuyển đổi/apache-tomcat-9.0.108
01-Jun-2026 06:40:42.590 INFO [main] org.apache.catalina.startup.VersionLoggerListener.log Command line argument: -Dcatalina.home=/workspaces/Cuoi_ki/WEB chuyển đổi/apache-tomcat-9.0.108
01-Jun-2026 06:40:42.590 INFO [main] org.apache.catalina.startup.VersionLoggerListener.log Command line argument: -Djava.io.tmpdir=/workspaces/Cuoi_ki/WEB chuyển đổi/apache-tomcat-9.0.108/temp
01-Jun-2026 06:40:42.594 INFO [main] org.apache.catalina.core.AprLifecycleListener.lifecycleEvent The Apache Tomcat Native library which allows using OpenSSL was not found on the java.library.path: [/usr/java/packages/lib:/usr/lib64:/lib64:/lib:/usr/lib]
01-Jun-2026 06:40:43.306 INFO [main] org.apache.coyote.AbstractProtocol.init Initializing ProtocolHandler ["http-nio-8080"]
01-Jun-2026 06:40:43.330 SEVERE [main] org.apache.catalina.util.LifecycleBase.handleSubClassException Failed to initialize component [Connector["http-nio-8080"]]
	org.apache.catalina.LifecycleException: Protocol handler initialization failed
		at org.apache.catalina.connector.Connector.initInternal(Connector.java:1072)
		at org.apache.catalina.util.LifecycleBase.init(LifecycleBase.java:122)
		at org.apache.catalina.core.StandardService.initInternal(StandardService.java:522)
		at org.apache.catalina.util.LifecycleBase.init(LifecycleBase.java:122)
		at org.apache.catalina.core.StandardServer.initInternal(StandardServer.java:986)
		at org.apache.catalina.util.LifecycleBase.init(LifecycleBase.java:122)
		at org.apache.catalina.startup.Catalina.load(Catalina.java:690)
		at org.apache.catalina.startup.Catalina.load(Catalina.java:713)
		at java.base/jdk.internal.reflect.DirectMethodHandleAccessor.invoke(DirectMethodHandleAccessor.java:104)
		at java.base/java.lang.reflect.Method.invoke(Method.java:565)
		at org.apache.catalina.startup.Bootstrap.load(Bootstrap.java:302)
		at org.apache.catalina.startup.Bootstrap.main(Bootstrap.java:475)
	Caused by: java.net.BindException: Address already in use
		at java.base/sun.nio.ch.Net.bind0(Native Method)
		at java.base/sun.nio.ch.Net.bind(Net.java:522)
		at java.base/sun.nio.ch.ServerSocketChannelImpl.netBind(ServerSocketChannelImpl.java:335)
		at java.base/sun.nio.ch.ServerSocketChannelImpl.bind(ServerSocketChannelImpl.java:297)
		at org.apache.tomcat.util.net.NioEndpoint.initServerSocket(NioEndpoint.java:298)
		at org.apache.tomcat.util.net.NioEndpoint.bind(NioEndpoint.java:253)
		at org.apache.tomcat.util.net.AbstractEndpoint.bindWithCleanup(AbstractEndpoint.java:1465)
		at org.apache.tomcat.util.net.AbstractEndpoint.init(AbstractEndpoint.java:1478)
		at org.apache.coyote.AbstractProtocol.init(AbstractProtocol.java:663)
		at org.apache.coyote.http11.AbstractHttp11Protocol.init(AbstractHttp11Protocol.java:80)
		at org.apache.catalina.connector.Connector.initInternal(Connector.java:1070)
		... 11 more
01-Jun-2026 06:40:43.335 INFO [main] org.apache.catalina.startup.Catalina.load Server initialization in [992] milliseconds
01-Jun-2026 06:40:43.382 INFO [main] org.apache.catalina.core.StandardService.startInternal Starting service [Catalina]
01-Jun-2026 06:40:43.382 INFO [main] org.apache.catalina.core.StandardEngine.startInternal Starting Servlet engine: [Apache Tomcat/9.0.108]
01-Jun-2026 06:40:43.396 INFO [main] org.apache.catalina.startup.HostConfig.deployWAR Deploying web application archive [/workspaces/Cuoi_ki/WEB chuyển đổi/apache-tomcat-9.0.108/webapps/ROOT.war]
01-Jun-2026 06:40:43.815 INFO [main] org.apache.catalina.startup.HostConfig.deployWAR Deployment of web application archive [/workspaces/Cuoi_ki/WEB chuyển đổi/apache-tomcat-9.0.108/webapps/ROOT.war] has finished in [414] ms
01-Jun-2026 06:40:43.816 INFO [main] org.apache.catalina.startup.HostConfig.deployWAR Deploying web application archive [/workspaces/Cuoi_ki/WEB chuyển đổi/apache-tomcat-9.0.108/webapps/webchuyendoi-1.0.war]
01-Jun-2026 06:40:43.860 INFO [main] org.apache.catalina.startup.HostConfig.deployWAR Deployment of web application archive [/workspaces/Cuoi_ki/WEB chuyển đổi/apache-tomcat-9.0.108/webapps/webchuyendoi-1.0.war] has finished in [44] ms
01-Jun-2026 06:40:43.861 INFO [main] org.apache.catalina.startup.HostConfig.deployDirectory Deploying web application directory [/workspaces/Cuoi_ki/WEB chuyển đổi/apache-tomcat-9.0.108/webapps/host-manager]
01-Jun-2026 06:40:43.920 INFO [main] org.apache.catalina.startup.HostConfig.deployDirectory Deployment of web application directory [/workspaces/Cuoi_ki/WEB chuyển đổi/apache-tomcat-9.0.108/webapps/host-manager] has finished in [59] ms
01-Jun-2026 06:40:43.921 INFO [main] org.apache.catalina.startup.HostConfig.deployDirectory Deploying web application directory [/workspaces/Cuoi_ki/WEB chuyển đổi/apache-tomcat-9.0.108/webapps/examples]
01-Jun-2026 06:40:44.290 INFO [main] org.apache.catalina.startup.HostConfig.deployDirectory Deployment of web application directory [/workspaces/Cuoi_ki/WEB chuyển đổi/apache-tomcat-9.0.108/webapps/examples] has finished in [368] ms
01-Jun-2026 06:40:44.290 INFO [main] org.apache.catalina.startup.HostConfig.deployDirectory Deploying web application directory [/workspaces/Cuoi_ki/WEB chuyển đổi/apache-tomcat-9.0.108/webapps/docs]
01-Jun-2026 06:40:44.323 INFO [main] org.apache.catalina.startup.HostConfig.deployDirectory Deployment of web application directory [/workspaces/Cuoi_ki/WEB chuyển đổi/apache-tomcat-9.0.108/webapps/docs] has finished in [33] ms
01-Jun-2026 06:40:44.325 INFO [main] org.apache.catalina.startup.HostConfig.deployDirectory Deploying web application directory [/workspaces/Cuoi_ki/WEB chuyển đổi/apache-tomcat-9.0.108/webapps/manager]
01-Jun-2026 06:40:44.356 INFO [main] org.apache.catalina.startup.HostConfig.deployDirectory Deployment of web application directory [/workspaces/Cuoi_ki/WEB chuyển đổi/apache-tomcat-9.0.108/webapps/manager] has finished in [31] ms
01-Jun-2026 06:40:44.360 INFO [main] org.apache.catalina.startup.Catalina.start Server startup in [1024] milliseconds
01-Jun-2026 06:40:44.365 SEVERE [main] org.apache.catalina.core.StandardServer.await Failed to create server shutdown socket on address [localhost] and port [8005] (base port [8005] and offset [0])
	java.net.BindException: Address already in use
		at java.base/sun.nio.ch.Net.bind0(Native Method)
		at java.base/sun.nio.ch.Net.bind(Net.java:522)
		at java.base/sun.nio.ch.Net.bind(Net.java:511)
		at java.base/sun.nio.ch.NioSocketImpl.bind(NioSocketImpl.java:641)
		at java.base/java.net.ServerSocket.bind(ServerSocket.java:326)
		at java.base/java.net.ServerSocket.<init>(ServerSocket.java:222)
		at org.apache.catalina.core.StandardServer.await(StandardServer.java:537)
		at org.apache.catalina.startup.Catalina.await(Catalina.java:829)
		at org.apache.catalina.startup.Catalina.start(Catalina.java:777)
		at java.base/jdk.internal.reflect.DirectMethodHandleAccessor.invoke(DirectMethodHandleAccessor.java:104)
		at java.base/java.lang.reflect.Method.invoke(Method.java:565)
		at org.apache.catalina.startup.Bootstrap.start(Bootstrap.java:345)
		at org.apache.catalina.startup.Bootstrap.main(Bootstrap.java:476)
01-Jun-2026 06:40:44.366 INFO [main] org.apache.coyote.AbstractProtocol.pause Pausing ProtocolHandler ["http-nio-8080"]
01-Jun-2026 06:40:44.366 INFO [main] org.apache.catalina.core.StandardService.stopInternal Stopping service [Catalina]
01-Jun-2026 06:40:44.394 INFO [main] org.apache.coyote.AbstractProtocol.stop Stopping ProtocolHandler ["http-nio-8080"]
01-Jun-2026 06:40:44.395 INFO [main] org.apache.coyote.AbstractProtocol.destroy Destroying ProtocolHandler ["http-nio-8080"]
01-Jun-2026 06:42:32.107 INFO [Catalina-utility-1] org.apache.catalina.startup.HostConfig.undeploy Undeploying context [/webchuyendoi-1.0]
01-Jun-2026 06:42:32.120 INFO [Catalina-utility-1] org.apache.catalina.startup.HostConfig.deployWAR Deploying web application archive [/workspaces/Cuoi_ki/WEB chuyển đổi/apache-tomcat-9.0.108/webapps/webchuyendoi-1.0.war]
01-Jun-2026 06:42:32.166 INFO [Catalina-utility-1] org.apache.catalina.startup.HostConfig.deployWAR Deployment of web application archive [/workspaces/Cuoi_ki/WEB chuyển đổi/apache-tomcat-9.0.108/webapps/webchuyendoi-1.0.war] has finished in [46] ms
01-Jun-2026 06:42:42.169 INFO [Catalina-utility-1] org.apache.catalina.startup.HostConfig.undeploy Undeploying context [/webchuyendoi-1.0]
01-Jun-2026 06:42:42.175 INFO [Catalina-utility-1] org.apache.catalina.startup.HostConfig.deployWAR Deploying web application archive [/workspaces/Cuoi_ki/WEB chuyển đổi/apache-tomcat-9.0.108/webapps/webchuyendoi-1.0.war]
01-Jun-2026 06:42:42.201 INFO [Catalina-utility-1] org.apache.catalina.startup.HostConfig.deployWAR Deployment of web application archive [/workspaces/Cuoi_ki/WEB chuyển đổi/apache-tomcat-9.0.108/webapps/webchuyendoi-1.0.war] has finished in [26] ms
01-Jun-2026 06:42:45.550 INFO [main] org.apache.catalina.core.StandardServer.await A valid shutdown command was received via the shutdown port. Stopping the Server instance.
01-Jun-2026 06:42:45.550 INFO [main] org.apache.coyote.AbstractProtocol.pause Pausing ProtocolHandler ["http-nio-8080"]
01-Jun-2026 06:42:45.555 INFO [main] org.apache.catalina.core.StandardService.stopInternal Stopping service [Catalina]
01-Jun-2026 06:42:45.577 INFO [main] org.apache.coyote.AbstractProtocol.stop Stopping ProtocolHandler ["http-nio-8080"]
01-Jun-2026 06:42:45.597 INFO [main] org.apache.coyote.AbstractProtocol.destroy Destroying ProtocolHandler ["http-nio-8080"]
01-Jun-2026 06:42:46.247 INFO [main] org.apache.catalina.startup.VersionLoggerListener.log Server version name:   Apache Tomcat/9.0.108
01-Jun-2026 06:42:46.251 INFO [main] org.apache.catalina.startup.VersionLoggerListener.log Server built:          Jul 31 2025 18:19:48 UTC
01-Jun-2026 06:42:46.252 INFO [main] org.apache.catalina.startup.VersionLoggerListener.log Server version number: 9.0.108.0
01-Jun-2026 06:42:46.252 INFO [main] org.apache.catalina.startup.VersionLoggerListener.log OS Name:               Linux
01-Jun-2026 06:42:46.252 INFO [main] org.apache.catalina.startup.VersionLoggerListener.log OS Version:            6.8.0-1052-azure
01-Jun-2026 06:42:46.253 INFO [main] org.apache.catalina.startup.VersionLoggerListener.log Architecture:          amd64
01-Jun-2026 06:42:46.253 INFO [main] org.apache.catalina.startup.VersionLoggerListener.log Java Home:             /usr/local/sdkman/candidates/java/25.0.2-ms
01-Jun-2026 06:42:46.253 INFO [main] org.apache.catalina.startup.VersionLoggerListener.log JVM Version:           25.0.2+10-LTS
01-Jun-2026 06:42:46.254 INFO [main] org.apache.catalina.startup.VersionLoggerListener.log JVM Vendor:            Microsoft
01-Jun-2026 06:42:46.254 INFO [main] org.apache.catalina.startup.VersionLoggerListener.log CATALINA_BASE:         /workspaces/Cuoi_ki/WEB chuyển đổi/apache-tomcat-9.0.108
01-Jun-2026 06:42:46.254 INFO [main] org.apache.catalina.startup.VersionLoggerListener.log CATALINA_HOME:         /workspaces/Cuoi_ki/WEB chuyển đổi/apache-tomcat-9.0.108
01-Jun-2026 06:42:46.264 INFO [main] org.apache.catalina.startup.VersionLoggerListener.log Command line argument: --add-opens=java.base/java.lang=ALL-UNNAMED
01-Jun-2026 06:42:46.264 INFO [main] org.apache.catalina.startup.VersionLoggerListener.log Command line argument: --add-opens=java.base/java.lang.invoke=ALL-UNNAMED
01-Jun-2026 06:42:46.265 INFO [main] org.apache.catalina.startup.VersionLoggerListener.log Command line argument: --add-opens=java.base/java.lang.reflect=ALL-UNNAMED
01-Jun-2026 06:42:46.266 INFO [main] org.apache.catalina.startup.VersionLoggerListener.log Command line argument: --add-opens=java.base/java.io=ALL-UNNAMED
01-Jun-2026 06:42:46.266 INFO [main] org.apache.catalina.startup.VersionLoggerListener.log Command line argument: --add-opens=java.base/java.util=ALL-UNNAMED
01-Jun-2026 06:42:46.268 INFO [main] org.apache.catalina.startup.VersionLoggerListener.log Command line argument: --add-opens=java.base/java.util.concurrent=ALL-UNNAMED
01-Jun-2026 06:42:46.268 INFO [main] org.apache.catalina.startup.VersionLoggerListener.log Command line argument: --add-opens=java.rmi/sun.rmi.transport=ALL-UNNAMED
01-Jun-2026 06:42:46.268 INFO [main] org.apache.catalina.startup.VersionLoggerListener.log Command line argument: -Djava.util.logging.config.file=/workspaces/Cuoi_ki/WEB chuyển đổi/apache-tomcat-9.0.108/conf/logging.properties
01-Jun-2026 06:42:46.268 INFO [main] org.apache.catalina.startup.VersionLoggerListener.log Command line argument: -Djava.util.logging.manager=org.apache.juli.ClassLoaderLogManager
01-Jun-2026 06:42:46.268 INFO [main] org.apache.catalina.startup.VersionLoggerListener.log Command line argument: -Djdk.tls.ephemeralDHKeySize=2048
01-Jun-2026 06:42:46.269 INFO [main] org.apache.catalina.startup.VersionLoggerListener.log Command line argument: -Djava.protocol.handler.pkgs=org.apache.catalina.webresources
01-Jun-2026 06:42:46.270 INFO [main] org.apache.catalina.startup.VersionLoggerListener.log Command line argument: -Dsun.io.useCanonCaches=false
01-Jun-2026 06:42:46.270 INFO [main] org.apache.catalina.startup.VersionLoggerListener.log Command line argument: -Dorg.apache.catalina.security.SecurityListener.UMASK=0027
01-Jun-2026 06:42:46.270 INFO [main] org.apache.catalina.startup.VersionLoggerListener.log Command line argument: -Dignore.endorsed.dirs=
01-Jun-2026 06:42:46.271 INFO [main] org.apache.catalina.startup.VersionLoggerListener.log Command line argument: -Dcatalina.base=/workspaces/Cuoi_ki/WEB chuyển đổi/apache-tomcat-9.0.108
01-Jun-2026 06:42:46.271 INFO [main] org.apache.catalina.startup.VersionLoggerListener.log Command line argument: -Dcatalina.home=/workspaces/Cuoi_ki/WEB chuyển đổi/apache-tomcat-9.0.108
01-Jun-2026 06:42:46.271 INFO [main] org.apache.catalina.startup.VersionLoggerListener.log Command line argument: -Djava.io.tmpdir=/workspaces/Cuoi_ki/WEB chuyển đổi/apache-tomcat-9.0.108/temp
01-Jun-2026 06:42:46.275 INFO [main] org.apache.catalina.core.AprLifecycleListener.lifecycleEvent The Apache Tomcat Native library which allows using OpenSSL was not found on the java.library.path: [/usr/java/packages/lib:/usr/lib64:/lib64:/lib:/usr/lib]
01-Jun-2026 06:42:46.751 INFO [main] org.apache.coyote.AbstractProtocol.init Initializing ProtocolHandler ["http-nio-8080"]
01-Jun-2026 06:42:46.783 INFO [main] org.apache.catalina.startup.Catalina.load Server initialization in [805] milliseconds
01-Jun-2026 06:42:46.831 INFO [main] org.apache.catalina.core.StandardService.startInternal Starting service [Catalina]
01-Jun-2026 06:42:46.834 INFO [main] org.apache.catalina.core.StandardEngine.startInternal Starting Servlet engine: [Apache Tomcat/9.0.108]
01-Jun-2026 06:42:46.858 INFO [main] org.apache.catalina.startup.HostConfig.deployWAR Deploying web application archive [/workspaces/Cuoi_ki/WEB chuyển đổi/apache-tomcat-9.0.108/webapps/ROOT.war]
01-Jun-2026 06:42:47.248 INFO [main] org.apache.catalina.startup.HostConfig.deployWAR Deployment of web application archive [/workspaces/Cuoi_ki/WEB chuyển đổi/apache-tomcat-9.0.108/webapps/ROOT.war] has finished in [384] ms
01-Jun-2026 06:42:47.248 INFO [main] org.apache.catalina.startup.HostConfig.deployWAR Deploying web application archive [/workspaces/Cuoi_ki/WEB chuyển đổi/apache-tomcat-9.0.108/webapps/webchuyendoi-1.0.war]
01-Jun-2026 06:42:47.286 INFO [main] org.apache.catalina.startup.HostConfig.deployWAR Deployment of web application archive [/workspaces/Cuoi_ki/WEB chuyển đổi/apache-tomcat-9.0.108/webapps/webchuyendoi-1.0.war] has finished in [38] ms
01-Jun-2026 06:42:47.287 INFO [main] org.apache.catalina.startup.HostConfig.deployDirectory Deploying web application directory [/workspaces/Cuoi_ki/WEB chuyển đổi/apache-tomcat-9.0.108/webapps/host-manager]
01-Jun-2026 06:42:47.329 INFO [main] org.apache.catalina.startup.HostConfig.deployDirectory Deployment of web application directory [/workspaces/Cuoi_ki/WEB chuyển đổi/apache-tomcat-9.0.108/webapps/host-manager] has finished in [42] ms
01-Jun-2026 06:42:47.330 INFO [main] org.apache.catalina.startup.HostConfig.deployDirectory Deploying web application directory [/workspaces/Cuoi_ki/WEB chuyển đổi/apache-tomcat-9.0.108/webapps/examples]
01-Jun-2026 06:42:47.624 INFO [main] org.apache.catalina.startup.HostConfig.deployDirectory Deployment of web application directory [/workspaces/Cuoi_ki/WEB chuyển đổi/apache-tomcat-9.0.108/webapps/examples] has finished in [294] ms
01-Jun-2026 06:42:47.624 INFO [main] org.apache.catalina.startup.HostConfig.deployDirectory Deploying web application directory [/workspaces/Cuoi_ki/WEB chuyển đổi/apache-tomcat-9.0.108/webapps/docs]
01-Jun-2026 06:42:47.662 INFO [main] org.apache.catalina.startup.HostConfig.deployDirectory Deployment of web application directory [/workspaces/Cuoi_ki/WEB chuyển đổi/apache-tomcat-9.0.108/webapps/docs] has finished in [38] ms
01-Jun-2026 06:42:47.664 INFO [main] org.apache.catalina.startup.HostConfig.deployDirectory Deploying web application directory [/workspaces/Cuoi_ki/WEB chuyển đổi/apache-tomcat-9.0.108/webapps/manager]
01-Jun-2026 06:42:47.702 INFO [main] org.apache.catalina.startup.HostConfig.deployDirectory Deployment of web application directory [/workspaces/Cuoi_ki/WEB chuyển đổi/apache-tomcat-9.0.108/webapps/manager] has finished in [38] ms
01-Jun-2026 06:42:47.706 INFO [main] org.apache.coyote.AbstractProtocol.start Starting ProtocolHandler ["http-nio-8080"]
01-Jun-2026 06:42:47.720 INFO [main] org.apache.catalina.startup.Catalina.start Server startup in [934] milliseconds
01-Jun-2026 06:43:11.052 INFO [main] org.apache.catalina.startup.VersionLoggerListener.log Server version name:   Apache Tomcat/9.0.108
01-Jun-2026 06:43:11.058 INFO [main] org.apache.catalina.startup.VersionLoggerListener.log Server built:          Jul 31 2025 18:19:48 UTC
01-Jun-2026 06:43:11.058 INFO [main] org.apache.catalina.startup.VersionLoggerListener.log Server version number: 9.0.108.0
01-Jun-2026 06:43:11.061 INFO [main] org.apache.catalina.startup.VersionLoggerListener.log OS Name:               Linux
01-Jun-2026 06:43:11.061 INFO [main] org.apache.catalina.startup.VersionLoggerListener.log OS Version:            6.8.0-1052-azure
01-Jun-2026 06:43:11.061 INFO [main] org.apache.catalina.startup.VersionLoggerListener.log Architecture:          amd64
01-Jun-2026 06:43:11.061 INFO [main] org.apache.catalina.startup.VersionLoggerListener.log Java Home:             /usr/local/sdkman/candidates/java/25.0.2-ms
01-Jun-2026 06:43:11.061 INFO [main] org.apache.catalina.startup.VersionLoggerListener.log JVM Version:           25.0.2+10-LTS
01-Jun-2026 06:43:11.062 INFO [main] org.apache.catalina.startup.VersionLoggerListener.log JVM Vendor:            Microsoft
01-Jun-2026 06:43:11.062 INFO [main] org.apache.catalina.startup.VersionLoggerListener.log CATALINA_BASE:         /workspaces/Cuoi_ki/WEB chuyển đổi/apache-tomcat-9.0.108
01-Jun-2026 06:43:11.062 INFO [main] org.apache.catalina.startup.VersionLoggerListener.log CATALINA_HOME:         /workspaces/Cuoi_ki/WEB chuyển đổi/apache-tomcat-9.0.108
01-Jun-2026 06:43:11.070 INFO [main] org.apache.catalina.startup.VersionLoggerListener.log Command line argument: --add-opens=java.base/java.lang=ALL-UNNAMED
01-Jun-2026 06:43:11.071 INFO [main] org.apache.catalina.startup.VersionLoggerListener.log Command line argument: --add-opens=java.base/java.lang.invoke=ALL-UNNAMED
01-Jun-2026 06:43:11.072 INFO [main] org.apache.catalina.startup.VersionLoggerListener.log Command line argument: --add-opens=java.base/java.lang.reflect=ALL-UNNAMED
01-Jun-2026 06:43:11.073 INFO [main] org.apache.catalina.startup.VersionLoggerListener.log Command line argument: --add-opens=java.base/java.io=ALL-UNNAMED
01-Jun-2026 06:43:11.077 INFO [main] org.apache.catalina.startup.VersionLoggerListener.log Command line argument: --add-opens=java.base/java.util=ALL-UNNAMED
01-Jun-2026 06:43:11.077 INFO [main] org.apache.catalina.startup.VersionLoggerListener.log Command line argument: --add-opens=java.base/java.util.concurrent=ALL-UNNAMED
01-Jun-2026 06:43:11.078 INFO [main] org.apache.catalina.startup.VersionLoggerListener.log Command line argument: --add-opens=java.rmi/sun.rmi.transport=ALL-UNNAMED
01-Jun-2026 06:43:11.078 INFO [main] org.apache.catalina.startup.VersionLoggerListener.log Command line argument: -Djava.util.logging.config.file=/workspaces/Cuoi_ki/WEB chuyển đổi/apache-tomcat-9.0.108/conf/logging.properties
01-Jun-2026 06:43:11.078 INFO [main] org.apache.catalina.startup.VersionLoggerListener.log Command line argument: -Djava.util.logging.manager=org.apache.juli.ClassLoaderLogManager
01-Jun-2026 06:43:11.079 INFO [main] org.apache.catalina.startup.VersionLoggerListener.log Command line argument: -Djdk.tls.ephemeralDHKeySize=2048
01-Jun-2026 06:43:11.079 INFO [main] org.apache.catalina.startup.VersionLoggerListener.log Command line argument: -Djava.protocol.handler.pkgs=org.apache.catalina.webresources
01-Jun-2026 06:43:11.080 INFO [main] org.apache.catalina.startup.VersionLoggerListener.log Command line argument: -Dsun.io.useCanonCaches=false
01-Jun-2026 06:43:11.080 INFO [main] org.apache.catalina.startup.VersionLoggerListener.log Command line argument: -Dorg.apache.catalina.security.SecurityListener.UMASK=0027
01-Jun-2026 06:43:11.081 INFO [main] org.apache.catalina.startup.VersionLoggerListener.log Command line argument: -Dignore.endorsed.dirs=
01-Jun-2026 06:43:11.081 INFO [main] org.apache.catalina.startup.VersionLoggerListener.log Command line argument: -Dcatalina.base=/workspaces/Cuoi_ki/WEB chuyển đổi/apache-tomcat-9.0.108
01-Jun-2026 06:43:11.081 INFO [main] org.apache.catalina.startup.VersionLoggerListener.log Command line argument: -Dcatalina.home=/workspaces/Cuoi_ki/WEB chuyển đổi/apache-tomcat-9.0.108
01-Jun-2026 06:43:11.082 INFO [main] org.apache.catalina.startup.VersionLoggerListener.log Command line argument: -Djava.io.tmpdir=/workspaces/Cuoi_ki/WEB chuyển đổi/apache-tomcat-9.0.108/temp
01-Jun-2026 06:43:11.086 INFO [main] org.apache.catalina.core.AprLifecycleListener.lifecycleEvent The Apache Tomcat Native library which allows using OpenSSL was not found on the java.library.path: [/usr/java/packages/lib:/usr/lib64:/lib64:/lib:/usr/lib]
01-Jun-2026 06:43:11.599 INFO [main] org.apache.coyote.AbstractProtocol.init Initializing ProtocolHandler ["http-nio-8080"]
01-Jun-2026 06:43:11.614 SEVERE [main] org.apache.catalina.util.LifecycleBase.handleSubClassException Failed to initialize component [Connector["http-nio-8080"]]
	org.apache.catalina.LifecycleException: Protocol handler initialization failed
		at org.apache.catalina.connector.Connector.initInternal(Connector.java:1072)
		at org.apache.catalina.util.LifecycleBase.init(LifecycleBase.java:122)
		at org.apache.catalina.core.StandardService.initInternal(StandardService.java:522)
		at org.apache.catalina.util.LifecycleBase.init(LifecycleBase.java:122)
		at org.apache.catalina.core.StandardServer.initInternal(StandardServer.java:986)
		at org.apache.catalina.util.LifecycleBase.init(LifecycleBase.java:122)
		at org.apache.catalina.startup.Catalina.load(Catalina.java:690)
		at org.apache.catalina.startup.Catalina.load(Catalina.java:713)
		at java.base/jdk.internal.reflect.DirectMethodHandleAccessor.invoke(DirectMethodHandleAccessor.java:104)
		at java.base/java.lang.reflect.Method.invoke(Method.java:565)
		at org.apache.catalina.startup.Bootstrap.load(Bootstrap.java:302)
		at org.apache.catalina.startup.Bootstrap.main(Bootstrap.java:475)
	Caused by: java.net.BindException: Address already in use
		at java.base/sun.nio.ch.Net.bind0(Native Method)
		at java.base/sun.nio.ch.Net.bind(Net.java:522)
		at java.base/sun.nio.ch.ServerSocketChannelImpl.netBind(ServerSocketChannelImpl.java:335)
		at java.base/sun.nio.ch.ServerSocketChannelImpl.bind(ServerSocketChannelImpl.java:297)
		at org.apache.tomcat.util.net.NioEndpoint.initServerSocket(NioEndpoint.java:298)
		at org.apache.tomcat.util.net.NioEndpoint.bind(NioEndpoint.java:253)
		at org.apache.tomcat.util.net.AbstractEndpoint.bindWithCleanup(AbstractEndpoint.java:1465)
		at org.apache.tomcat.util.net.AbstractEndpoint.init(AbstractEndpoint.java:1478)
		at org.apache.coyote.AbstractProtocol.init(AbstractProtocol.java:663)
		at org.apache.coyote.http11.AbstractHttp11Protocol.init(AbstractHttp11Protocol.java:80)
		at org.apache.catalina.connector.Connector.initInternal(Connector.java:1070)
		... 11 more
01-Jun-2026 06:43:11.615 INFO [main] org.apache.catalina.startup.Catalina.load Server initialization in [839] milliseconds
01-Jun-2026 06:43:11.667 INFO [main] org.apache.catalina.core.StandardService.startInternal Starting service [Catalina]
01-Jun-2026 06:43:11.668 INFO [main] org.apache.catalina.core.StandardEngine.startInternal Starting Servlet engine: [Apache Tomcat/9.0.108]
01-Jun-2026 06:43:11.684 INFO [main] org.apache.catalina.startup.HostConfig.deployWAR Deploying web application archive [/workspaces/Cuoi_ki/WEB chuyển đổi/apache-tomcat-9.0.108/webapps/ROOT.war]
01-Jun-2026 06:43:12.053 INFO [main] org.apache.catalina.startup.HostConfig.deployWAR Deployment of web application archive [/workspaces/Cuoi_ki/WEB chuyển đổi/apache-tomcat-9.0.108/webapps/ROOT.war] has finished in [363] ms
01-Jun-2026 06:43:12.054 INFO [main] org.apache.catalina.startup.HostConfig.deployWAR Deploying web application archive [/workspaces/Cuoi_ki/WEB chuyển đổi/apache-tomcat-9.0.108/webapps/webchuyendoi-1.0.war]
01-Jun-2026 06:43:12.105 INFO [main] org.apache.catalina.startup.HostConfig.deployWAR Deployment of web application archive [/workspaces/Cuoi_ki/WEB chuyển đổi/apache-tomcat-9.0.108/webapps/webchuyendoi-1.0.war] has finished in [51] ms
01-Jun-2026 06:43:12.106 INFO [main] org.apache.catalina.startup.HostConfig.deployDirectory Deploying web application directory [/workspaces/Cuoi_ki/WEB chuyển đổi/apache-tomcat-9.0.108/webapps/host-manager]
01-Jun-2026 06:43:12.144 INFO [main] org.apache.catalina.startup.HostConfig.deployDirectory Deployment of web application directory [/workspaces/Cuoi_ki/WEB chuyển đổi/apache-tomcat-9.0.108/webapps/host-manager] has finished in [38] ms
01-Jun-2026 06:43:12.145 INFO [main] org.apache.catalina.startup.HostConfig.deployDirectory Deploying web application directory [/workspaces/Cuoi_ki/WEB chuyển đổi/apache-tomcat-9.0.108/webapps/examples]
01-Jun-2026 06:43:12.451 INFO [main] org.apache.catalina.startup.HostConfig.deployDirectory Deployment of web application directory [/workspaces/Cuoi_ki/WEB chuyển đổi/apache-tomcat-9.0.108/webapps/examples] has finished in [306] ms
01-Jun-2026 06:43:12.451 INFO [main] org.apache.catalina.startup.HostConfig.deployDirectory Deploying web application directory [/workspaces/Cuoi_ki/WEB chuyển đổi/apache-tomcat-9.0.108/webapps/docs]
01-Jun-2026 06:43:12.481 INFO [main] org.apache.catalina.startup.HostConfig.deployDirectory Deployment of web application directory [/workspaces/Cuoi_ki/WEB chuyển đổi/apache-tomcat-9.0.108/webapps/docs] has finished in [30] ms
01-Jun-2026 06:43:12.484 INFO [main] org.apache.catalina.startup.HostConfig.deployDirectory Deploying web application directory [/workspaces/Cuoi_ki/WEB chuyển đổi/apache-tomcat-9.0.108/webapps/manager]
01-Jun-2026 06:43:12.523 INFO [main] org.apache.catalina.startup.HostConfig.deployDirectory Deployment of web application directory [/workspaces/Cuoi_ki/WEB chuyển đổi/apache-tomcat-9.0.108/webapps/manager] has finished in [39] ms
01-Jun-2026 06:43:12.528 INFO [main] org.apache.catalina.startup.Catalina.start Server startup in [909] milliseconds
01-Jun-2026 06:43:12.533 SEVERE [main] org.apache.catalina.core.StandardServer.await Failed to create server shutdown socket on address [localhost] and port [8005] (base port [8005] and offset [0])
	java.net.BindException: Address already in use
		at java.base/sun.nio.ch.Net.bind0(Native Method)
		at java.base/sun.nio.ch.Net.bind(Net.java:522)
		at java.base/sun.nio.ch.Net.bind(Net.java:511)
		at java.base/sun.nio.ch.NioSocketImpl.bind(NioSocketImpl.java:641)
		at java.base/java.net.ServerSocket.bind(ServerSocket.java:326)
		at java.base/java.net.ServerSocket.<init>(ServerSocket.java:222)
		at org.apache.catalina.core.StandardServer.await(StandardServer.java:537)
		at org.apache.catalina.startup.Catalina.await(Catalina.java:829)
		at org.apache.catalina.startup.Catalina.start(Catalina.java:777)
		at java.base/jdk.internal.reflect.DirectMethodHandleAccessor.invoke(DirectMethodHandleAccessor.java:104)
		at java.base/java.lang.reflect.Method.invoke(Method.java:565)
		at org.apache.catalina.startup.Bootstrap.start(Bootstrap.java:345)
		at org.apache.catalina.startup.Bootstrap.main(Bootstrap.java:476)
01-Jun-2026 06:43:12.534 INFO [main] org.apache.coyote.AbstractProtocol.pause Pausing ProtocolHandler ["http-nio-8080"]
01-Jun-2026 06:43:12.534 INFO [main] org.apache.catalina.core.StandardService.stopInternal Stopping service [Catalina]
01-Jun-2026 06:43:12.576 INFO [main] org.apache.coyote.AbstractProtocol.stop Stopping ProtocolHandler ["http-nio-8080"]
01-Jun-2026 06:43:12.577 INFO [main] org.apache.coyote.AbstractProtocol.destroy Destroying ProtocolHandler ["http-nio-8080"]
01-Jun-2026 06:48:00.084 INFO [main] org.apache.catalina.startup.VersionLoggerListener.log Server version name:   Apache Tomcat/9.0.108
01-Jun-2026 06:48:00.090 INFO [main] org.apache.catalina.startup.VersionLoggerListener.log Server built:          Jul 31 2025 18:19:48 UTC
01-Jun-2026 06:48:00.092 INFO [main] org.apache.catalina.startup.VersionLoggerListener.log Server version number: 9.0.108.0
01-Jun-2026 06:48:00.092 INFO [main] org.apache.catalina.startup.VersionLoggerListener.log OS Name:               Linux
01-Jun-2026 06:48:00.093 INFO [main] org.apache.catalina.startup.VersionLoggerListener.log OS Version:            6.8.0-1052-azure
01-Jun-2026 06:48:00.093 INFO [main] org.apache.catalina.startup.VersionLoggerListener.log Architecture:          amd64
01-Jun-2026 06:48:00.093 INFO [main] org.apache.catalina.startup.VersionLoggerListener.log Java Home:             /usr/local/sdkman/candidates/java/25.0.2-ms
01-Jun-2026 06:48:00.093 INFO [main] org.apache.catalina.startup.VersionLoggerListener.log JVM Version:           25.0.2+10-LTS
01-Jun-2026 06:48:00.093 INFO [main] org.apache.catalina.startup.VersionLoggerListener.log JVM Vendor:            Microsoft
01-Jun-2026 06:48:00.094 INFO [main] org.apache.catalina.startup.VersionLoggerListener.log CATALINA_BASE:         /workspaces/Cuoi_ki/WEB chuyển đổi/apache-tomcat-9.0.108
01-Jun-2026 06:48:00.094 INFO [main] org.apache.catalina.startup.VersionLoggerListener.log CATALINA_HOME:         /workspaces/Cuoi_ki/WEB chuyển đổi/apache-tomcat-9.0.108
01-Jun-2026 06:48:00.189 INFO [main] org.apache.catalina.startup.VersionLoggerListener.log Command line argument: --add-opens=java.base/java.lang=ALL-UNNAMED
01-Jun-2026 06:48:00.189 INFO [main] org.apache.catalina.startup.VersionLoggerListener.log Command line argument: --add-opens=java.base/java.lang.invoke=ALL-UNNAMED
01-Jun-2026 06:48:00.189 INFO [main] org.apache.catalina.startup.VersionLoggerListener.log Command line argument: --add-opens=java.base/java.lang.reflect=ALL-UNNAMED
01-Jun-2026 06:48:00.190 INFO [main] org.apache.catalina.startup.VersionLoggerListener.log Command line argument: --add-opens=java.base/java.io=ALL-UNNAMED
01-Jun-2026 06:48:00.190 INFO [main] org.apache.catalina.startup.VersionLoggerListener.log Command line argument: --add-opens=java.base/java.util=ALL-UNNAMED
01-Jun-2026 06:48:00.191 INFO [main] org.apache.catalina.startup.VersionLoggerListener.log Command line argument: --add-opens=java.base/java.util.concurrent=ALL-UNNAMED
01-Jun-2026 06:48:00.191 INFO [main] org.apache.catalina.startup.VersionLoggerListener.log Command line argument: --add-opens=java.rmi/sun.rmi.transport=ALL-UNNAMED
01-Jun-2026 06:48:00.191 INFO [main] org.apache.catalina.startup.VersionLoggerListener.log Command line argument: -Djava.util.logging.config.file=/workspaces/Cuoi_ki/WEB chuyển đổi/apache-tomcat-9.0.108/conf/logging.properties
01-Jun-2026 06:48:00.191 INFO [main] org.apache.catalina.startup.VersionLoggerListener.log Command line argument: -Djava.util.logging.manager=org.apache.juli.ClassLoaderLogManager
01-Jun-2026 06:48:00.191 INFO [main] org.apache.catalina.startup.VersionLoggerListener.log Command line argument: -Djdk.tls.ephemeralDHKeySize=2048
01-Jun-2026 06:48:00.191 INFO [main] org.apache.catalina.startup.VersionLoggerListener.log Command line argument: -Djava.protocol.handler.pkgs=org.apache.catalina.webresources
01-Jun-2026 06:48:00.191 INFO [main] org.apache.catalina.startup.VersionLoggerListener.log Command line argument: -Dsun.io.useCanonCaches=false
01-Jun-2026 06:48:00.193 INFO [main] org.apache.catalina.startup.VersionLoggerListener.log Command line argument: -Dorg.apache.catalina.security.SecurityListener.UMASK=0027
01-Jun-2026 06:48:00.195 INFO [main] org.apache.catalina.startup.VersionLoggerListener.log Command line argument: -Dignore.endorsed.dirs=
01-Jun-2026 06:48:00.195 INFO [main] org.apache.catalina.startup.VersionLoggerListener.log Command line argument: -Dcatalina.base=/workspaces/Cuoi_ki/WEB chuyển đổi/apache-tomcat-9.0.108
01-Jun-2026 06:48:00.196 INFO [main] org.apache.catalina.startup.VersionLoggerListener.log Command line argument: -Dcatalina.home=/workspaces/Cuoi_ki/WEB chuyển đổi/apache-tomcat-9.0.108
01-Jun-2026 06:48:00.196 INFO [main] org.apache.catalina.startup.VersionLoggerListener.log Command line argument: -Djava.io.tmpdir=/workspaces/Cuoi_ki/WEB chuyển đổi/apache-tomcat-9.0.108/temp
01-Jun-2026 06:48:00.199 INFO [main] org.apache.catalina.core.AprLifecycleListener.lifecycleEvent The Apache Tomcat Native library which allows using OpenSSL was not found on the java.library.path: [/usr/java/packages/lib:/usr/lib64:/lib64:/lib:/usr/lib]
01-Jun-2026 06:48:00.856 INFO [main] org.apache.coyote.AbstractProtocol.init Initializing ProtocolHandler ["http-nio-8080"]
01-Jun-2026 06:48:00.903 INFO [main] org.apache.catalina.startup.Catalina.load Server initialization in [1455] milliseconds
01-Jun-2026 06:48:00.970 INFO [main] org.apache.catalina.core.StandardService.startInternal Starting service [Catalina]
01-Jun-2026 06:48:00.970 INFO [main] org.apache.catalina.core.StandardEngine.startInternal Starting Servlet engine: [Apache Tomcat/9.0.108]
01-Jun-2026 06:48:01.023 INFO [main] org.apache.catalina.startup.HostConfig.deployWAR Deploying web application archive [/workspaces/Cuoi_ki/WEB chuyển đổi/apache-tomcat-9.0.108/webapps/ROOT.war]
01-Jun-2026 06:48:01.592 INFO [main] org.apache.catalina.startup.HostConfig.deployWAR Deployment of web application archive [/workspaces/Cuoi_ki/WEB chuyển đổi/apache-tomcat-9.0.108/webapps/ROOT.war] has finished in [566] ms
01-Jun-2026 06:48:01.593 INFO [main] org.apache.catalina.startup.HostConfig.deployWAR Deploying web application archive [/workspaces/Cuoi_ki/WEB chuyển đổi/apache-tomcat-9.0.108/webapps/webchuyendoi-1.0.war]
01-Jun-2026 06:48:01.625 INFO [main] org.apache.catalina.startup.HostConfig.deployWAR Deployment of web application archive [/workspaces/Cuoi_ki/WEB chuyển đổi/apache-tomcat-9.0.108/webapps/webchuyendoi-1.0.war] has finished in [32] ms
01-Jun-2026 06:48:01.626 INFO [main] org.apache.catalina.startup.HostConfig.deployDirectory Deploying web application directory [/workspaces/Cuoi_ki/WEB chuyển đổi/apache-tomcat-9.0.108/webapps/host-manager]
01-Jun-2026 06:48:01.693 INFO [main] org.apache.catalina.startup.HostConfig.deployDirectory Deployment of web application directory [/workspaces/Cuoi_ki/WEB chuyển đổi/apache-tomcat-9.0.108/webapps/host-manager] has finished in [67] ms
01-Jun-2026 06:48:01.694 INFO [main] org.apache.catalina.startup.HostConfig.deployDirectory Deploying web application directory [/workspaces/Cuoi_ki/WEB chuyển đổi/apache-tomcat-9.0.108/webapps/examples]
01-Jun-2026 06:48:02.169 INFO [main] org.apache.catalina.startup.HostConfig.deployDirectory Deployment of web application directory [/workspaces/Cuoi_ki/WEB chuyển đổi/apache-tomcat-9.0.108/webapps/examples] has finished in [476] ms
01-Jun-2026 06:48:02.170 INFO [main] org.apache.catalina.startup.HostConfig.deployDirectory Deploying web application directory [/workspaces/Cuoi_ki/WEB chuyển đổi/apache-tomcat-9.0.108/webapps/docs]
01-Jun-2026 06:48:02.193 INFO [main] org.apache.catalina.startup.HostConfig.deployDirectory Deployment of web application directory [/workspaces/Cuoi_ki/WEB chuyển đổi/apache-tomcat-9.0.108/webapps/docs] has finished in [23] ms
01-Jun-2026 06:48:02.194 INFO [main] org.apache.catalina.startup.HostConfig.deployDirectory Deploying web application directory [/workspaces/Cuoi_ki/WEB chuyển đổi/apache-tomcat-9.0.108/webapps/manager]
01-Jun-2026 06:48:02.232 INFO [main] org.apache.catalina.startup.HostConfig.deployDirectory Deployment of web application directory [/workspaces/Cuoi_ki/WEB chuyển đổi/apache-tomcat-9.0.108/webapps/manager] has finished in [38] ms
01-Jun-2026 06:48:02.237 INFO [main] org.apache.coyote.AbstractProtocol.start Starting ProtocolHandler ["http-nio-8080"]
01-Jun-2026 06:48:02.248 INFO [main] org.apache.catalina.startup.Catalina.start Server startup in [1342] milliseconds
01-Jun-2026 07:03:21.370 INFO [main] org.apache.catalina.startup.VersionLoggerListener.log Server version name:   Apache Tomcat/9.0.108
01-Jun-2026 07:03:21.376 INFO [main] org.apache.catalina.startup.VersionLoggerListener.log Server built:          Jul 31 2025 18:19:48 UTC
01-Jun-2026 07:03:21.376 INFO [main] org.apache.catalina.startup.VersionLoggerListener.log Server version number: 9.0.108.0
01-Jun-2026 07:03:21.377 INFO [main] org.apache.catalina.startup.VersionLoggerListener.log OS Name:               Linux
01-Jun-2026 07:03:21.377 INFO [main] org.apache.catalina.startup.VersionLoggerListener.log OS Version:            6.8.0-1052-azure
01-Jun-2026 07:03:21.377 INFO [main] org.apache.catalina.startup.VersionLoggerListener.log Architecture:          amd64
01-Jun-2026 07:03:21.377 INFO [main] org.apache.catalina.startup.VersionLoggerListener.log Java Home:             /usr/local/sdkman/candidates/java/25.0.2-ms
01-Jun-2026 07:03:21.378 INFO [main] org.apache.catalina.startup.VersionLoggerListener.log JVM Version:           25.0.2+10-LTS
01-Jun-2026 07:03:21.378 INFO [main] org.apache.catalina.startup.VersionLoggerListener.log JVM Vendor:            Microsoft
01-Jun-2026 07:03:21.378 INFO [main] org.apache.catalina.startup.VersionLoggerListener.log CATALINA_BASE:         /workspaces/Cuoi_ki/WEB chuyển đổi/apache-tomcat-9.0.108
01-Jun-2026 07:03:21.378 INFO [main] org.apache.catalina.startup.VersionLoggerListener.log CATALINA_HOME:         /workspaces/Cuoi_ki/WEB chuyển đổi/apache-tomcat-9.0.108
01-Jun-2026 07:03:21.391 INFO [main] org.apache.catalina.startup.VersionLoggerListener.log Command line argument: --add-opens=java.base/java.lang=ALL-UNNAMED
01-Jun-2026 07:03:21.391 INFO [main] org.apache.catalina.startup.VersionLoggerListener.log Command line argument: --add-opens=java.base/java.lang.invoke=ALL-UNNAMED
01-Jun-2026 07:03:21.391 INFO [main] org.apache.catalina.startup.VersionLoggerListener.log Command line argument: --add-opens=java.base/java.lang.reflect=ALL-UNNAMED
01-Jun-2026 07:03:21.392 INFO [main] org.apache.catalina.startup.VersionLoggerListener.log Command line argument: --add-opens=java.base/java.io=ALL-UNNAMED
01-Jun-2026 07:03:21.392 INFO [main] org.apache.catalina.startup.VersionLoggerListener.log Command line argument: --add-opens=java.base/java.util=ALL-UNNAMED
01-Jun-2026 07:03:21.392 INFO [main] org.apache.catalina.startup.VersionLoggerListener.log Command line argument: --add-opens=java.base/java.util.concurrent=ALL-UNNAMED
01-Jun-2026 07:03:21.392 INFO [main] org.apache.catalina.startup.VersionLoggerListener.log Command line argument: --add-opens=java.rmi/sun.rmi.transport=ALL-UNNAMED
01-Jun-2026 07:03:21.393 INFO [main] org.apache.catalina.startup.VersionLoggerListener.log Command line argument: -Djava.util.logging.config.file=/workspaces/Cuoi_ki/WEB chuyển đổi/apache-tomcat-9.0.108/conf/logging.properties
01-Jun-2026 07:03:21.393 INFO [main] org.apache.catalina.startup.VersionLoggerListener.log Command line argument: -Djava.util.logging.manager=org.apache.juli.ClassLoaderLogManager
01-Jun-2026 07:03:21.393 INFO [main] org.apache.catalina.startup.VersionLoggerListener.log Command line argument: -Djdk.tls.ephemeralDHKeySize=2048
01-Jun-2026 07:03:21.394 INFO [main] org.apache.catalina.startup.VersionLoggerListener.log Command line argument: -Djava.protocol.handler.pkgs=org.apache.catalina.webresources
01-Jun-2026 07:03:21.394 INFO [main] org.apache.catalina.startup.VersionLoggerListener.log Command line argument: -Dsun.io.useCanonCaches=false
01-Jun-2026 07:03:21.394 INFO [main] org.apache.catalina.startup.VersionLoggerListener.log Command line argument: -Dorg.apache.catalina.security.SecurityListener.UMASK=0027
01-Jun-2026 07:03:21.394 INFO [main] org.apache.catalina.startup.VersionLoggerListener.log Command line argument: -Dignore.endorsed.dirs=
01-Jun-2026 07:03:21.394 INFO [main] org.apache.catalina.startup.VersionLoggerListener.log Command line argument: -Dcatalina.base=/workspaces/Cuoi_ki/WEB chuyển đổi/apache-tomcat-9.0.108
01-Jun-2026 07:03:21.395 INFO [main] org.apache.catalina.startup.VersionLoggerListener.log Command line argument: -Dcatalina.home=/workspaces/Cuoi_ki/WEB chuyển đổi/apache-tomcat-9.0.108
01-Jun-2026 07:03:21.395 INFO [main] org.apache.catalina.startup.VersionLoggerListener.log Command line argument: -Djava.io.tmpdir=/workspaces/Cuoi_ki/WEB chuyển đổi/apache-tomcat-9.0.108/temp
01-Jun-2026 07:03:21.408 INFO [main] org.apache.catalina.core.AprLifecycleListener.lifecycleEvent The Apache Tomcat Native library which allows using OpenSSL was not found on the java.library.path: [/usr/java/packages/lib:/usr/lib64:/lib64:/lib:/usr/lib]
01-Jun-2026 07:03:22.265 INFO [main] org.apache.coyote.AbstractProtocol.init Initializing ProtocolHandler ["http-nio-8080"]
01-Jun-2026 07:03:22.290 SEVERE [main] org.apache.catalina.util.LifecycleBase.handleSubClassException Failed to initialize component [Connector["http-nio-8080"]]
	org.apache.catalina.LifecycleException: Protocol handler initialization failed
		at org.apache.catalina.connector.Connector.initInternal(Connector.java:1072)
		at org.apache.catalina.util.LifecycleBase.init(LifecycleBase.java:122)
		at org.apache.catalina.core.StandardService.initInternal(StandardService.java:522)
		at org.apache.catalina.util.LifecycleBase.init(LifecycleBase.java:122)
		at org.apache.catalina.core.StandardServer.initInternal(StandardServer.java:986)
		at org.apache.catalina.util.LifecycleBase.init(LifecycleBase.java:122)
		at org.apache.catalina.startup.Catalina.load(Catalina.java:690)
		at org.apache.catalina.startup.Catalina.load(Catalina.java:713)
		at java.base/jdk.internal.reflect.DirectMethodHandleAccessor.invoke(DirectMethodHandleAccessor.java:104)
		at java.base/java.lang.reflect.Method.invoke(Method.java:565)
		at org.apache.catalina.startup.Bootstrap.load(Bootstrap.java:302)
		at org.apache.catalina.startup.Bootstrap.main(Bootstrap.java:475)
	Caused by: java.net.BindException: Address already in use
		at java.base/sun.nio.ch.Net.bind0(Native Method)
		at java.base/sun.nio.ch.Net.bind(Net.java:522)
		at java.base/sun.nio.ch.ServerSocketChannelImpl.netBind(ServerSocketChannelImpl.java:335)
		at java.base/sun.nio.ch.ServerSocketChannelImpl.bind(ServerSocketChannelImpl.java:297)
		at org.apache.tomcat.util.net.NioEndpoint.initServerSocket(NioEndpoint.java:298)
		at org.apache.tomcat.util.net.NioEndpoint.bind(NioEndpoint.java:253)
		at org.apache.tomcat.util.net.AbstractEndpoint.bindWithCleanup(AbstractEndpoint.java:1465)
		at org.apache.tomcat.util.net.AbstractEndpoint.init(AbstractEndpoint.java:1478)
		at org.apache.coyote.AbstractProtocol.init(AbstractProtocol.java:663)
		at org.apache.coyote.http11.AbstractHttp11Protocol.init(AbstractHttp11Protocol.java:80)
		at org.apache.catalina.connector.Connector.initInternal(Connector.java:1070)
		... 11 more
01-Jun-2026 07:03:22.292 INFO [main] org.apache.catalina.startup.Catalina.load Server initialization in [1218] milliseconds
01-Jun-2026 07:03:22.356 INFO [main] org.apache.catalina.core.StandardService.startInternal Starting service [Catalina]
01-Jun-2026 07:03:22.359 INFO [main] org.apache.catalina.core.StandardEngine.startInternal Starting Servlet engine: [Apache Tomcat/9.0.108]
01-Jun-2026 07:03:22.380 INFO [main] org.apache.catalina.startup.HostConfig.deployWAR Deploying web application archive [/workspaces/Cuoi_ki/WEB chuyển đổi/apache-tomcat-9.0.108/webapps/ROOT.war]
01-Jun-2026 07:03:22.864 INFO [main] org.apache.catalina.startup.HostConfig.deployWAR Deployment of web application archive [/workspaces/Cuoi_ki/WEB chuyển đổi/apache-tomcat-9.0.108/webapps/ROOT.war] has finished in [478] ms
01-Jun-2026 07:03:22.865 INFO [main] org.apache.catalina.startup.HostConfig.deployWAR Deploying web application archive [/workspaces/Cuoi_ki/WEB chuyển đổi/apache-tomcat-9.0.108/webapps/webchuyendoi-1.0.war]
01-Jun-2026 07:03:22.921 INFO [main] org.apache.catalina.startup.HostConfig.deployWAR Deployment of web application archive [/workspaces/Cuoi_ki/WEB chuyển đổi/apache-tomcat-9.0.108/webapps/webchuyendoi-1.0.war] has finished in [56] ms
01-Jun-2026 07:03:22.922 INFO [main] org.apache.catalina.startup.HostConfig.deployDirectory Deploying web application directory [/workspaces/Cuoi_ki/WEB chuyển đổi/apache-tomcat-9.0.108/webapps/host-manager]
01-Jun-2026 07:03:22.990 INFO [main] org.apache.catalina.startup.HostConfig.deployDirectory Deployment of web application directory [/workspaces/Cuoi_ki/WEB chuyển đổi/apache-tomcat-9.0.108/webapps/host-manager] has finished in [68] ms
01-Jun-2026 07:03:22.991 INFO [main] org.apache.catalina.startup.HostConfig.deployDirectory Deploying web application directory [/workspaces/Cuoi_ki/WEB chuyển đổi/apache-tomcat-9.0.108/webapps/examples]
01-Jun-2026 07:03:23.347 INFO [main] org.apache.catalina.startup.HostConfig.deployDirectory Deployment of web application directory [/workspaces/Cuoi_ki/WEB chuyển đổi/apache-tomcat-9.0.108/webapps/examples] has finished in [357] ms
01-Jun-2026 07:03:23.348 INFO [main] org.apache.catalina.startup.HostConfig.deployDirectory Deploying web application directory [/workspaces/Cuoi_ki/WEB chuyển đổi/apache-tomcat-9.0.108/webapps/docs]
01-Jun-2026 07:03:23.384 INFO [main] org.apache.catalina.startup.HostConfig.deployDirectory Deployment of web application directory [/workspaces/Cuoi_ki/WEB chuyển đổi/apache-tomcat-9.0.108/webapps/docs] has finished in [35] ms
01-Jun-2026 07:03:23.384 INFO [main] org.apache.catalina.startup.HostConfig.deployDirectory Deploying web application directory [/workspaces/Cuoi_ki/WEB chuyển đổi/apache-tomcat-9.0.108/webapps/manager]
01-Jun-2026 07:03:23.422 INFO [main] org.apache.catalina.startup.HostConfig.deployDirectory Deployment of web application directory [/workspaces/Cuoi_ki/WEB chuyển đổi/apache-tomcat-9.0.108/webapps/manager] has finished in [37] ms
01-Jun-2026 07:03:23.428 INFO [main] org.apache.catalina.startup.Catalina.start Server startup in [1133] milliseconds
01-Jun-2026 07:03:23.433 SEVERE [main] org.apache.catalina.core.StandardServer.await Failed to create server shutdown socket on address [localhost] and port [8005] (base port [8005] and offset [0])
	java.net.BindException: Address already in use
		at java.base/sun.nio.ch.Net.bind0(Native Method)
		at java.base/sun.nio.ch.Net.bind(Net.java:522)
		at java.base/sun.nio.ch.Net.bind(Net.java:511)
		at java.base/sun.nio.ch.NioSocketImpl.bind(NioSocketImpl.java:641)
		at java.base/java.net.ServerSocket.bind(ServerSocket.java:326)
		at java.base/java.net.ServerSocket.<init>(ServerSocket.java:222)
		at org.apache.catalina.core.StandardServer.await(StandardServer.java:537)
		at org.apache.catalina.startup.Catalina.await(Catalina.java:829)
		at org.apache.catalina.startup.Catalina.start(Catalina.java:777)
		at java.base/jdk.internal.reflect.DirectMethodHandleAccessor.invoke(DirectMethodHandleAccessor.java:104)
		at java.base/java.lang.reflect.Method.invoke(Method.java:565)
		at org.apache.catalina.startup.Bootstrap.start(Bootstrap.java:345)
		at org.apache.catalina.startup.Bootstrap.main(Bootstrap.java:476)
01-Jun-2026 07:03:23.435 INFO [main] org.apache.coyote.AbstractProtocol.pause Pausing ProtocolHandler ["http-nio-8080"]
01-Jun-2026 07:03:23.435 INFO [main] org.apache.catalina.core.StandardService.stopInternal Stopping service [Catalina]
01-Jun-2026 07:03:23.476 INFO [main] org.apache.coyote.AbstractProtocol.stop Stopping ProtocolHandler ["http-nio-8080"]
01-Jun-2026 07:03:23.479 INFO [main] org.apache.coyote.AbstractProtocol.destroy Destroying ProtocolHandler ["http-nio-8080"]
01-Jun-2026 07:09:52.453 INFO [Catalina-utility-2] org.apache.catalina.startup.HostConfig.undeploy Undeploying context []
01-Jun-2026 07:09:52.500 INFO [Catalina-utility-2] org.apache.catalina.startup.HostConfig.deployWAR Deploying web application archive [/workspaces/Cuoi_ki/WEB chuyển đổi/apache-tomcat-9.0.108/webapps/ROOT.war]
01-Jun-2026 07:09:52.547 INFO [Catalina-utility-2] org.apache.catalina.startup.HostConfig.deployWAR Deployment of web application archive [/workspaces/Cuoi_ki/WEB chuyển đổi/apache-tomcat-9.0.108/webapps/ROOT.war] has finished in [45] ms
01-Jun-2026 07:10:03.049 INFO [Catalina-utility-1] org.apache.catalina.startup.HostConfig.undeploy Undeploying context []
01-Jun-2026 07:10:03.056 INFO [Catalina-utility-1] org.apache.catalina.startup.HostConfig.deployWAR Deploying web application archive [/workspaces/Cuoi_ki/WEB chuyển đổi/apache-tomcat-9.0.108/webapps/ROOT.war]
01-Jun-2026 07:10:03.093 INFO [Catalina-utility-1] org.apache.catalina.startup.HostConfig.deployWAR Deployment of web application archive [/workspaces/Cuoi_ki/WEB chuyển đổi/apache-tomcat-9.0.108/webapps/ROOT.war] has finished in [37] ms
01-Jun-2026 07:10:12.226 INFO [main] org.apache.catalina.core.StandardServer.await A valid shutdown command was received via the shutdown port. Stopping the Server instance.
01-Jun-2026 07:10:12.228 INFO [main] org.apache.coyote.AbstractProtocol.pause Pausing ProtocolHandler ["http-nio-8080"]
01-Jun-2026 07:10:12.239 INFO [main] org.apache.catalina.core.StandardService.stopInternal Stopping service [Catalina]
01-Jun-2026 07:10:12.340 INFO [main] org.apache.coyote.AbstractProtocol.stop Stopping ProtocolHandler ["http-nio-8080"]
01-Jun-2026 07:10:12.352 INFO [main] org.apache.coyote.AbstractProtocol.destroy Destroying ProtocolHandler ["http-nio-8080"]
01-Jun-2026 07:10:17.994 INFO [main] org.apache.catalina.startup.VersionLoggerListener.log Server version name:   Apache Tomcat/9.0.108
01-Jun-2026 07:10:17.999 INFO [main] org.apache.catalina.startup.VersionLoggerListener.log Server built:          Jul 31 2025 18:19:48 UTC
01-Jun-2026 07:10:17.999 INFO [main] org.apache.catalina.startup.VersionLoggerListener.log Server version number: 9.0.108.0
01-Jun-2026 07:10:17.999 INFO [main] org.apache.catalina.startup.VersionLoggerListener.log OS Name:               Linux
01-Jun-2026 07:10:18.000 INFO [main] org.apache.catalina.startup.VersionLoggerListener.log OS Version:            6.8.0-1052-azure
01-Jun-2026 07:10:18.001 INFO [main] org.apache.catalina.startup.VersionLoggerListener.log Architecture:          amd64
01-Jun-2026 07:10:18.002 INFO [main] org.apache.catalina.startup.VersionLoggerListener.log Java Home:             /usr/local/sdkman/candidates/java/25.0.2-ms
01-Jun-2026 07:10:18.002 INFO [main] org.apache.catalina.startup.VersionLoggerListener.log JVM Version:           25.0.2+10-LTS
01-Jun-2026 07:10:18.002 INFO [main] org.apache.catalina.startup.VersionLoggerListener.log JVM Vendor:            Microsoft
01-Jun-2026 07:10:18.002 INFO [main] org.apache.catalina.startup.VersionLoggerListener.log CATALINA_BASE:         /workspaces/Cuoi_ki/WEB chuyển đổi/apache-tomcat-9.0.108
01-Jun-2026 07:10:18.002 INFO [main] org.apache.catalina.startup.VersionLoggerListener.log CATALINA_HOME:         /workspaces/Cuoi_ki/WEB chuyển đổi/apache-tomcat-9.0.108
01-Jun-2026 07:10:18.009 INFO [main] org.apache.catalina.startup.VersionLoggerListener.log Command line argument: --add-opens=java.base/java.lang=ALL-UNNAMED
01-Jun-2026 07:10:18.010 INFO [main] org.apache.catalina.startup.VersionLoggerListener.log Command line argument: --add-opens=java.base/java.lang.invoke=ALL-UNNAMED
01-Jun-2026 07:10:18.010 INFO [main] org.apache.catalina.startup.VersionLoggerListener.log Command line argument: --add-opens=java.base/java.lang.reflect=ALL-UNNAMED
01-Jun-2026 07:10:18.010 INFO [main] org.apache.catalina.startup.VersionLoggerListener.log Command line argument: --add-opens=java.base/java.io=ALL-UNNAMED
01-Jun-2026 07:10:18.011 INFO [main] org.apache.catalina.startup.VersionLoggerListener.log Command line argument: --add-opens=java.base/java.util=ALL-UNNAMED
01-Jun-2026 07:10:18.011 INFO [main] org.apache.catalina.startup.VersionLoggerListener.log Command line argument: --add-opens=java.base/java.util.concurrent=ALL-UNNAMED
01-Jun-2026 07:10:18.011 INFO [main] org.apache.catalina.startup.VersionLoggerListener.log Command line argument: --add-opens=java.rmi/sun.rmi.transport=ALL-UNNAMED
01-Jun-2026 07:10:18.012 INFO [main] org.apache.catalina.startup.VersionLoggerListener.log Command line argument: -Djava.util.logging.config.file=/workspaces/Cuoi_ki/WEB chuyển đổi/apache-tomcat-9.0.108/conf/logging.properties
01-Jun-2026 07:10:18.012 INFO [main] org.apache.catalina.startup.VersionLoggerListener.log Command line argument: -Djava.util.logging.manager=org.apache.juli.ClassLoaderLogManager
01-Jun-2026 07:10:18.013 INFO [main] org.apache.catalina.startup.VersionLoggerListener.log Command line argument: -Djdk.tls.ephemeralDHKeySize=2048
01-Jun-2026 07:10:18.014 INFO [main] org.apache.catalina.startup.VersionLoggerListener.log Command line argument: -Djava.protocol.handler.pkgs=org.apache.catalina.webresources
01-Jun-2026 07:10:18.014 INFO [main] org.apache.catalina.startup.VersionLoggerListener.log Command line argument: -Dsun.io.useCanonCaches=false
01-Jun-2026 07:10:18.015 INFO [main] org.apache.catalina.startup.VersionLoggerListener.log Command line argument: -Dorg.apache.catalina.security.SecurityListener.UMASK=0027
01-Jun-2026 07:10:18.015 INFO [main] org.apache.catalina.startup.VersionLoggerListener.log Command line argument: -Dignore.endorsed.dirs=
01-Jun-2026 07:10:18.015 INFO [main] org.apache.catalina.startup.VersionLoggerListener.log Command line argument: -Dcatalina.base=/workspaces/Cuoi_ki/WEB chuyển đổi/apache-tomcat-9.0.108
01-Jun-2026 07:10:18.016 INFO [main] org.apache.catalina.startup.VersionLoggerListener.log Command line argument: -Dcatalina.home=/workspaces/Cuoi_ki/WEB chuyển đổi/apache-tomcat-9.0.108
01-Jun-2026 07:10:18.016 INFO [main] org.apache.catalina.startup.VersionLoggerListener.log Command line argument: -Djava.io.tmpdir=/workspaces/Cuoi_ki/WEB chuyển đổi/apache-tomcat-9.0.108/temp
01-Jun-2026 07:10:18.021 INFO [main] org.apache.catalina.core.AprLifecycleListener.lifecycleEvent The Apache Tomcat Native library which allows using OpenSSL was not found on the java.library.path: [/usr/java/packages/lib:/usr/lib64:/lib64:/lib:/usr/lib]
01-Jun-2026 07:10:18.550 INFO [main] org.apache.coyote.AbstractProtocol.init Initializing ProtocolHandler ["http-nio-8080"]
01-Jun-2026 07:10:18.598 INFO [main] org.apache.catalina.startup.Catalina.load Server initialization in [832] milliseconds
01-Jun-2026 07:10:18.675 INFO [main] org.apache.catalina.core.StandardService.startInternal Starting service [Catalina]
01-Jun-2026 07:10:18.676 INFO [main] org.apache.catalina.core.StandardEngine.startInternal Starting Servlet engine: [Apache Tomcat/9.0.108]
01-Jun-2026 07:10:18.693 INFO [main] org.apache.catalina.startup.HostConfig.deployWAR Deploying web application archive [/workspaces/Cuoi_ki/WEB chuyển đổi/apache-tomcat-9.0.108/webapps/ROOT.war]
01-Jun-2026 07:10:19.215 INFO [main] org.apache.catalina.startup.HostConfig.deployWAR Deployment of web application archive [/workspaces/Cuoi_ki/WEB chuyển đổi/apache-tomcat-9.0.108/webapps/ROOT.war] has finished in [516] ms
01-Jun-2026 07:10:19.221 INFO [main] org.apache.catalina.startup.HostConfig.deployWAR Deploying web application archive [/workspaces/Cuoi_ki/WEB chuyển đổi/apache-tomcat-9.0.108/webapps/webchuyendoi-1.0.war]
01-Jun-2026 07:10:19.295 INFO [main] org.apache.catalina.startup.HostConfig.deployWAR Deployment of web application archive [/workspaces/Cuoi_ki/WEB chuyển đổi/apache-tomcat-9.0.108/webapps/webchuyendoi-1.0.war] has finished in [75] ms
01-Jun-2026 07:10:19.299 INFO [main] org.apache.catalina.startup.HostConfig.deployDirectory Deploying web application directory [/workspaces/Cuoi_ki/WEB chuyển đổi/apache-tomcat-9.0.108/webapps/host-manager]
01-Jun-2026 07:10:19.365 INFO [main] org.apache.catalina.startup.HostConfig.deployDirectory Deployment of web application directory [/workspaces/Cuoi_ki/WEB chuyển đổi/apache-tomcat-9.0.108/webapps/host-manager] has finished in [65] ms
01-Jun-2026 07:10:19.365 INFO [main] org.apache.catalina.startup.HostConfig.deployDirectory Deploying web application directory [/workspaces/Cuoi_ki/WEB chuyển đổi/apache-tomcat-9.0.108/webapps/examples]
01-Jun-2026 07:10:19.804 INFO [main] org.apache.catalina.startup.HostConfig.deployDirectory Deployment of web application directory [/workspaces/Cuoi_ki/WEB chuyển đổi/apache-tomcat-9.0.108/webapps/examples] has finished in [439] ms
01-Jun-2026 07:10:19.805 INFO [main] org.apache.catalina.startup.HostConfig.deployDirectory Deploying web application directory [/workspaces/Cuoi_ki/WEB chuyển đổi/apache-tomcat-9.0.108/webapps/docs]
01-Jun-2026 07:10:19.840 INFO [main] org.apache.catalina.startup.HostConfig.deployDirectory Deployment of web application directory [/workspaces/Cuoi_ki/WEB chuyển đổi/apache-tomcat-9.0.108/webapps/docs] has finished in [35] ms
01-Jun-2026 07:10:19.840 INFO [main] org.apache.catalina.startup.HostConfig.deployDirectory Deploying web application directory [/workspaces/Cuoi_ki/WEB chuyển đổi/apache-tomcat-9.0.108/webapps/manager]
01-Jun-2026 07:10:19.868 INFO [main] org.apache.catalina.startup.HostConfig.deployDirectory Deployment of web application directory [/workspaces/Cuoi_ki/WEB chuyển đổi/apache-tomcat-9.0.108/webapps/manager] has finished in [27] ms
01-Jun-2026 07:10:19.875 INFO [main] org.apache.coyote.AbstractProtocol.start Starting ProtocolHandler ["http-nio-8080"]
01-Jun-2026 07:10:19.890 INFO [main] org.apache.catalina.startup.Catalina.start Server startup in [1284] milliseconds
01-Jun-2026 07:17:59.968 INFO [Catalina-utility-1] org.apache.catalina.startup.HostConfig.undeploy Undeploying context []
01-Jun-2026 07:17:59.988 INFO [Catalina-utility-1] org.apache.catalina.startup.HostConfig.deployWAR Deploying web application archive [/workspaces/Cuoi_ki/WEB chuyển đổi/apache-tomcat-9.0.108/webapps/ROOT.war]
01-Jun-2026 07:18:00.017 INFO [Catalina-utility-1] org.apache.catalina.startup.HostConfig.deployWAR Deployment of web application archive [/workspaces/Cuoi_ki/WEB chuyển đổi/apache-tomcat-9.0.108/webapps/ROOT.war] has finished in [29] ms
01-Jun-2026 07:18:38.407 INFO [main] org.apache.catalina.core.StandardServer.await A valid shutdown command was received via the shutdown port. Stopping the Server instance.
01-Jun-2026 07:18:38.408 INFO [main] org.apache.coyote.AbstractProtocol.pause Pausing ProtocolHandler ["http-nio-8080"]
01-Jun-2026 07:18:38.417 INFO [main] org.apache.catalina.core.StandardService.stopInternal Stopping service [Catalina]
01-Jun-2026 07:18:38.527 INFO [main] org.apache.coyote.AbstractProtocol.stop Stopping ProtocolHandler ["http-nio-8080"]
01-Jun-2026 07:18:38.545 INFO [main] org.apache.coyote.AbstractProtocol.destroy Destroying ProtocolHandler ["http-nio-8080"]
01-Jun-2026 07:18:44.345 INFO [main] org.apache.catalina.startup.VersionLoggerListener.log Server version name:   Apache Tomcat/9.0.108
01-Jun-2026 07:18:44.350 INFO [main] org.apache.catalina.startup.VersionLoggerListener.log Server built:          Jul 31 2025 18:19:48 UTC
01-Jun-2026 07:18:44.350 INFO [main] org.apache.catalina.startup.VersionLoggerListener.log Server version number: 9.0.108.0
01-Jun-2026 07:18:44.351 INFO [main] org.apache.catalina.startup.VersionLoggerListener.log OS Name:               Linux
01-Jun-2026 07:18:44.351 INFO [main] org.apache.catalina.startup.VersionLoggerListener.log OS Version:            6.8.0-1052-azure
01-Jun-2026 07:18:44.351 INFO [main] org.apache.catalina.startup.VersionLoggerListener.log Architecture:          amd64
01-Jun-2026 07:18:44.352 INFO [main] org.apache.catalina.startup.VersionLoggerListener.log Java Home:             /usr/local/sdkman/candidates/java/25.0.2-ms
01-Jun-2026 07:18:44.352 INFO [main] org.apache.catalina.startup.VersionLoggerListener.log JVM Version:           25.0.2+10-LTS
01-Jun-2026 07:18:44.352 INFO [main] org.apache.catalina.startup.VersionLoggerListener.log JVM Vendor:            Microsoft
01-Jun-2026 07:18:44.352 INFO [main] org.apache.catalina.startup.VersionLoggerListener.log CATALINA_BASE:         /workspaces/Cuoi_ki/WEB chuyển đổi/apache-tomcat-9.0.108
01-Jun-2026 07:18:44.352 INFO [main] org.apache.catalina.startup.VersionLoggerListener.log CATALINA_HOME:         /workspaces/Cuoi_ki/WEB chuyển đổi/apache-tomcat-9.0.108
01-Jun-2026 07:18:44.366 INFO [main] org.apache.catalina.startup.VersionLoggerListener.log Command line argument: --add-opens=java.base/java.lang=ALL-UNNAMED
01-Jun-2026 07:18:44.366 INFO [main] org.apache.catalina.startup.VersionLoggerListener.log Command line argument: --add-opens=java.base/java.lang.invoke=ALL-UNNAMED
01-Jun-2026 07:18:44.366 INFO [main] org.apache.catalina.startup.VersionLoggerListener.log Command line argument: --add-opens=java.base/java.lang.reflect=ALL-UNNAMED
01-Jun-2026 07:18:44.366 INFO [main] org.apache.catalina.startup.VersionLoggerListener.log Command line argument: --add-opens=java.base/java.io=ALL-UNNAMED
01-Jun-2026 07:18:44.366 INFO [main] org.apache.catalina.startup.VersionLoggerListener.log Command line argument: --add-opens=java.base/java.util=ALL-UNNAMED
01-Jun-2026 07:18:44.367 INFO [main] org.apache.catalina.startup.VersionLoggerListener.log Command line argument: --add-opens=java.base/java.util.concurrent=ALL-UNNAMED
01-Jun-2026 07:18:44.367 INFO [main] org.apache.catalina.startup.VersionLoggerListener.log Command line argument: --add-opens=java.rmi/sun.rmi.transport=ALL-UNNAMED
01-Jun-2026 07:18:44.367 INFO [main] org.apache.catalina.startup.VersionLoggerListener.log Command line argument: -Djava.util.logging.config.file=/workspaces/Cuoi_ki/WEB chuyển đổi/apache-tomcat-9.0.108/conf/logging.properties
01-Jun-2026 07:18:44.367 INFO [main] org.apache.catalina.startup.VersionLoggerListener.log Command line argument: -Djava.util.logging.manager=org.apache.juli.ClassLoaderLogManager
01-Jun-2026 07:18:44.367 INFO [main] org.apache.catalina.startup.VersionLoggerListener.log Command line argument: -Djdk.tls.ephemeralDHKeySize=2048
01-Jun-2026 07:18:44.367 INFO [main] org.apache.catalina.startup.VersionLoggerListener.log Command line argument: -Djava.protocol.handler.pkgs=org.apache.catalina.webresources
01-Jun-2026 07:18:44.367 INFO [main] org.apache.catalina.startup.VersionLoggerListener.log Command line argument: -Dsun.io.useCanonCaches=false
01-Jun-2026 07:18:44.367 INFO [main] org.apache.catalina.startup.VersionLoggerListener.log Command line argument: -Dorg.apache.catalina.security.SecurityListener.UMASK=0027
01-Jun-2026 07:18:44.371 INFO [main] org.apache.catalina.startup.VersionLoggerListener.log Command line argument: -Dignore.endorsed.dirs=
01-Jun-2026 07:18:44.371 INFO [main] org.apache.catalina.startup.VersionLoggerListener.log Command line argument: -Dcatalina.base=/workspaces/Cuoi_ki/WEB chuyển đổi/apache-tomcat-9.0.108
01-Jun-2026 07:18:44.371 INFO [main] org.apache.catalina.startup.VersionLoggerListener.log Command line argument: -Dcatalina.home=/workspaces/Cuoi_ki/WEB chuyển đổi/apache-tomcat-9.0.108
01-Jun-2026 07:18:44.372 INFO [main] org.apache.catalina.startup.VersionLoggerListener.log Command line argument: -Djava.io.tmpdir=/workspaces/Cuoi_ki/WEB chuyển đổi/apache-tomcat-9.0.108/temp
01-Jun-2026 07:18:44.377 INFO [main] org.apache.catalina.core.AprLifecycleListener.lifecycleEvent The Apache Tomcat Native library which allows using OpenSSL was not found on the java.library.path: [/usr/java/packages/lib:/usr/lib64:/lib64:/lib:/usr/lib]
01-Jun-2026 07:18:44.906 INFO [main] org.apache.coyote.AbstractProtocol.init Initializing ProtocolHandler ["http-nio-8080"]
01-Jun-2026 07:18:44.966 INFO [main] org.apache.catalina.startup.Catalina.load Server initialization in [892] milliseconds
01-Jun-2026 07:18:45.118 INFO [main] org.apache.catalina.core.StandardService.startInternal Starting service [Catalina]
01-Jun-2026 07:18:45.123 INFO [main] org.apache.catalina.core.StandardEngine.startInternal Starting Servlet engine: [Apache Tomcat/9.0.108]
01-Jun-2026 07:18:45.154 INFO [main] org.apache.catalina.startup.HostConfig.deployWAR Deploying web application archive [/workspaces/Cuoi_ki/WEB chuyển đổi/apache-tomcat-9.0.108/webapps/ROOT.war]
01-Jun-2026 07:18:45.587 INFO [main] org.apache.catalina.startup.HostConfig.deployWAR Deployment of web application archive [/workspaces/Cuoi_ki/WEB chuyển đổi/apache-tomcat-9.0.108/webapps/ROOT.war] has finished in [430] ms
01-Jun-2026 07:18:45.588 INFO [main] org.apache.catalina.startup.HostConfig.deployWAR Deploying web application archive [/workspaces/Cuoi_ki/WEB chuyển đổi/apache-tomcat-9.0.108/webapps/webchuyendoi-1.0.war]
01-Jun-2026 07:18:45.641 INFO [main] org.apache.catalina.startup.HostConfig.deployWAR Deployment of web application archive [/workspaces/Cuoi_ki/WEB chuyển đổi/apache-tomcat-9.0.108/webapps/webchuyendoi-1.0.war] has finished in [53] ms
01-Jun-2026 07:18:45.642 INFO [main] org.apache.catalina.startup.HostConfig.deployDirectory Deploying web application directory [/workspaces/Cuoi_ki/WEB chuyển đổi/apache-tomcat-9.0.108/webapps/host-manager]
01-Jun-2026 07:18:45.694 INFO [main] org.apache.catalina.startup.HostConfig.deployDirectory Deployment of web application directory [/workspaces/Cuoi_ki/WEB chuyển đổi/apache-tomcat-9.0.108/webapps/host-manager] has finished in [52] ms
01-Jun-2026 07:18:45.696 INFO [main] org.apache.catalina.startup.HostConfig.deployDirectory Deploying web application directory [/workspaces/Cuoi_ki/WEB chuyển đổi/apache-tomcat-9.0.108/webapps/examples]
01-Jun-2026 07:18:46.051 INFO [main] org.apache.catalina.startup.HostConfig.deployDirectory Deployment of web application directory [/workspaces/Cuoi_ki/WEB chuyển đổi/apache-tomcat-9.0.108/webapps/examples] has finished in [355] ms
01-Jun-2026 07:18:46.051 INFO [main] org.apache.catalina.startup.HostConfig.deployDirectory Deploying web application directory [/workspaces/Cuoi_ki/WEB chuyển đổi/apache-tomcat-9.0.108/webapps/docs]
01-Jun-2026 07:18:46.083 INFO [main] org.apache.catalina.startup.HostConfig.deployDirectory Deployment of web application directory [/workspaces/Cuoi_ki/WEB chuyển đổi/apache-tomcat-9.0.108/webapps/docs] has finished in [32] ms
01-Jun-2026 07:18:46.084 INFO [main] org.apache.catalina.startup.HostConfig.deployDirectory Deploying web application directory [/workspaces/Cuoi_ki/WEB chuyển đổi/apache-tomcat-9.0.108/webapps/manager]
01-Jun-2026 07:18:46.118 INFO [main] org.apache.catalina.startup.HostConfig.deployDirectory Deployment of web application directory [/workspaces/Cuoi_ki/WEB chuyển đổi/apache-tomcat-9.0.108/webapps/manager] has finished in [35] ms
01-Jun-2026 07:18:46.123 INFO [main] org.apache.coyote.AbstractProtocol.start Starting ProtocolHandler ["http-nio-8080"]
01-Jun-2026 07:18:46.139 INFO [main] org.apache.catalina.startup.Catalina.start Server startup in [1163] milliseconds
01-Jun-2026 07:56:16.559 INFO [Catalina-utility-1] org.apache.catalina.startup.HostConfig.undeploy Undeploying context []
01-Jun-2026 07:56:16.603 INFO [Catalina-utility-1] org.apache.catalina.startup.HostConfig.deployWAR Deploying web application archive [/workspaces/Cuoi_ki/WEB chuyển đổi/apache-tomcat-9.0.108/webapps/ROOT.war]
01-Jun-2026 07:56:16.845 INFO [Catalina-utility-1] org.apache.jasper.servlet.TldScanner.scanJars At least one JAR was scanned for TLDs yet contained no TLDs. Enable debug logging for this logger for a complete list of JARs that were scanned but no TLDs were found in them. Skipping unneeded JARs during scanning can improve startup time and JSP compilation time.
01-Jun-2026 07:56:16.848 INFO [Catalina-utility-1] org.apache.catalina.startup.HostConfig.deployWAR Deployment of web application archive [/workspaces/Cuoi_ki/WEB chuyển đổi/apache-tomcat-9.0.108/webapps/ROOT.war] has finished in [245] ms
01-Jun-2026 07:56:21.354 INFO [main] org.apache.catalina.core.StandardServer.await A valid shutdown command was received via the shutdown port. Stopping the Server instance.
01-Jun-2026 07:56:21.355 INFO [main] org.apache.coyote.AbstractProtocol.pause Pausing ProtocolHandler ["http-nio-8080"]
01-Jun-2026 07:56:21.362 INFO [main] org.apache.catalina.core.StandardService.stopInternal Stopping service [Catalina]
01-Jun-2026 07:56:21.406 INFO [main] org.apache.coyote.AbstractProtocol.stop Stopping ProtocolHandler ["http-nio-8080"]
01-Jun-2026 07:56:21.416 INFO [main] org.apache.coyote.AbstractProtocol.destroy Destroying ProtocolHandler ["http-nio-8080"]
01-Jun-2026 07:56:22.361 INFO [main] org.apache.catalina.startup.VersionLoggerListener.log Server version name:   Apache Tomcat/9.0.108
01-Jun-2026 07:56:22.369 INFO [main] org.apache.catalina.startup.VersionLoggerListener.log Server built:          Jul 31 2025 18:19:48 UTC
01-Jun-2026 07:56:22.370 INFO [main] org.apache.catalina.startup.VersionLoggerListener.log Server version number: 9.0.108.0
01-Jun-2026 07:56:22.371 INFO [main] org.apache.catalina.startup.VersionLoggerListener.log OS Name:               Linux
01-Jun-2026 07:56:22.371 INFO [main] org.apache.catalina.startup.VersionLoggerListener.log OS Version:            6.8.0-1052-azure
01-Jun-2026 07:56:22.371 INFO [main] org.apache.catalina.startup.VersionLoggerListener.log Architecture:          amd64
01-Jun-2026 07:56:22.371 INFO [main] org.apache.catalina.startup.VersionLoggerListener.log Java Home:             /usr/local/sdkman/candidates/java/25.0.2-ms
01-Jun-2026 07:56:22.376 INFO [main] org.apache.catalina.startup.VersionLoggerListener.log JVM Version:           25.0.2+10-LTS
01-Jun-2026 07:56:22.377 INFO [main] org.apache.catalina.startup.VersionLoggerListener.log JVM Vendor:            Microsoft
01-Jun-2026 07:56:22.377 INFO [main] org.apache.catalina.startup.VersionLoggerListener.log CATALINA_BASE:         /workspaces/Cuoi_ki/WEB chuyển đổi/apache-tomcat-9.0.108
01-Jun-2026 07:56:22.378 INFO [main] org.apache.catalina.startup.VersionLoggerListener.log CATALINA_HOME:         /workspaces/Cuoi_ki/WEB chuyển đổi/apache-tomcat-9.0.108
01-Jun-2026 07:56:22.423 INFO [main] org.apache.catalina.startup.VersionLoggerListener.log Command line argument: --add-opens=java.base/java.lang=ALL-UNNAMED
01-Jun-2026 07:56:22.428 INFO [main] org.apache.catalina.startup.VersionLoggerListener.log Command line argument: --add-opens=java.base/java.lang.invoke=ALL-UNNAMED
01-Jun-2026 07:56:22.428 INFO [main] org.apache.catalina.startup.VersionLoggerListener.log Command line argument: --add-opens=java.base/java.lang.reflect=ALL-UNNAMED
01-Jun-2026 07:56:22.430 INFO [main] org.apache.catalina.startup.VersionLoggerListener.log Command line argument: --add-opens=java.base/java.io=ALL-UNNAMED
01-Jun-2026 07:56:22.434 INFO [main] org.apache.catalina.startup.VersionLoggerListener.log Command line argument: --add-opens=java.base/java.util=ALL-UNNAMED
01-Jun-2026 07:56:22.434 INFO [main] org.apache.catalina.startup.VersionLoggerListener.log Command line argument: --add-opens=java.base/java.util.concurrent=ALL-UNNAMED
01-Jun-2026 07:56:22.435 INFO [main] org.apache.catalina.startup.VersionLoggerListener.log Command line argument: --add-opens=java.rmi/sun.rmi.transport=ALL-UNNAMED
01-Jun-2026 07:56:22.435 INFO [main] org.apache.catalina.startup.VersionLoggerListener.log Command line argument: -Djava.util.logging.config.file=/workspaces/Cuoi_ki/WEB chuyển đổi/apache-tomcat-9.0.108/conf/logging.properties
01-Jun-2026 07:56:22.436 INFO [main] org.apache.catalina.startup.VersionLoggerListener.log Command line argument: -Djava.util.logging.manager=org.apache.juli.ClassLoaderLogManager
01-Jun-2026 07:56:22.436 INFO [main] org.apache.catalina.startup.VersionLoggerListener.log Command line argument: -Djdk.tls.ephemeralDHKeySize=2048
01-Jun-2026 07:56:22.438 INFO [main] org.apache.catalina.startup.VersionLoggerListener.log Command line argument: -Djava.protocol.handler.pkgs=org.apache.catalina.webresources
01-Jun-2026 07:56:22.439 INFO [main] org.apache.catalina.startup.VersionLoggerListener.log Command line argument: -Dsun.io.useCanonCaches=false
01-Jun-2026 07:56:22.441 INFO [main] org.apache.catalina.startup.VersionLoggerListener.log Command line argument: -Dorg.apache.catalina.security.SecurityListener.UMASK=0027
01-Jun-2026 07:56:22.447 INFO [main] org.apache.catalina.startup.VersionLoggerListener.log Command line argument: -Dignore.endorsed.dirs=
01-Jun-2026 07:56:22.447 INFO [main] org.apache.catalina.startup.VersionLoggerListener.log Command line argument: -Dcatalina.base=/workspaces/Cuoi_ki/WEB chuyển đổi/apache-tomcat-9.0.108
01-Jun-2026 07:56:22.447 INFO [main] org.apache.catalina.startup.VersionLoggerListener.log Command line argument: -Dcatalina.home=/workspaces/Cuoi_ki/WEB chuyển đổi/apache-tomcat-9.0.108
01-Jun-2026 07:56:22.448 INFO [main] org.apache.catalina.startup.VersionLoggerListener.log Command line argument: -Djava.io.tmpdir=/workspaces/Cuoi_ki/WEB chuyển đổi/apache-tomcat-9.0.108/temp
01-Jun-2026 07:56:22.461 INFO [main] org.apache.catalina.core.AprLifecycleListener.lifecycleEvent The Apache Tomcat Native library which allows using OpenSSL was not found on the java.library.path: [/usr/java/packages/lib:/usr/lib64:/lib64:/lib:/usr/lib]
01-Jun-2026 07:56:23.459 INFO [main] org.apache.coyote.AbstractProtocol.init Initializing ProtocolHandler ["http-nio-8080"]
01-Jun-2026 07:56:23.490 INFO [main] org.apache.catalina.startup.Catalina.load Server initialization in [1541] milliseconds
01-Jun-2026 07:56:23.556 INFO [main] org.apache.catalina.core.StandardService.startInternal Starting service [Catalina]
01-Jun-2026 07:56:23.557 INFO [main] org.apache.catalina.core.StandardEngine.startInternal Starting Servlet engine: [Apache Tomcat/9.0.108]
01-Jun-2026 07:56:23.573 INFO [main] org.apache.catalina.startup.HostConfig.deployWAR Deploying web application archive [/workspaces/Cuoi_ki/WEB chuyển đổi/apache-tomcat-9.0.108/webapps/ROOT.war]
01-Jun-2026 07:56:24.617 INFO [main] org.apache.jasper.servlet.TldScanner.scanJars At least one JAR was scanned for TLDs yet contained no TLDs. Enable debug logging for this logger for a complete list of JARs that were scanned but no TLDs were found in them. Skipping unneeded JARs during scanning can improve startup time and JSP compilation time.
01-Jun-2026 07:56:24.699 INFO [main] org.apache.catalina.startup.HostConfig.deployWAR Deployment of web application archive [/workspaces/Cuoi_ki/WEB chuyển đổi/apache-tomcat-9.0.108/webapps/ROOT.war] has finished in [1,125] ms
01-Jun-2026 07:56:24.709 INFO [main] org.apache.catalina.startup.HostConfig.deployWAR Deploying web application archive [/workspaces/Cuoi_ki/WEB chuyển đổi/apache-tomcat-9.0.108/webapps/webchuyendoi-1.0.war]
01-Jun-2026 07:56:24.753 INFO [main] org.apache.catalina.startup.HostConfig.deployWAR Deployment of web application archive [/workspaces/Cuoi_ki/WEB chuyển đổi/apache-tomcat-9.0.108/webapps/webchuyendoi-1.0.war] has finished in [44] ms
01-Jun-2026 07:56:24.754 INFO [main] org.apache.catalina.startup.HostConfig.deployDirectory Deploying web application directory [/workspaces/Cuoi_ki/WEB chuyển đổi/apache-tomcat-9.0.108/webapps/host-manager]
01-Jun-2026 07:56:24.820 INFO [main] org.apache.catalina.startup.HostConfig.deployDirectory Deployment of web application directory [/workspaces/Cuoi_ki/WEB chuyển đổi/apache-tomcat-9.0.108/webapps/host-manager] has finished in [65] ms
01-Jun-2026 07:56:24.821 INFO [main] org.apache.catalina.startup.HostConfig.deployDirectory Deploying web application directory [/workspaces/Cuoi_ki/WEB chuyển đổi/apache-tomcat-9.0.108/webapps/examples]
01-Jun-2026 07:56:25.183 INFO [main] org.apache.catalina.startup.HostConfig.deployDirectory Deployment of web application directory [/workspaces/Cuoi_ki/WEB chuyển đổi/apache-tomcat-9.0.108/webapps/examples] has finished in [362] ms
01-Jun-2026 07:56:25.183 INFO [main] org.apache.catalina.startup.HostConfig.deployDirectory Deploying web application directory [/workspaces/Cuoi_ki/WEB chuyển đổi/apache-tomcat-9.0.108/webapps/docs]
01-Jun-2026 07:56:25.204 INFO [main] org.apache.catalina.startup.HostConfig.deployDirectory Deployment of web application directory [/workspaces/Cuoi_ki/WEB chuyển đổi/apache-tomcat-9.0.108/webapps/docs] has finished in [20] ms
01-Jun-2026 07:56:25.204 INFO [main] org.apache.catalina.startup.HostConfig.deployDirectory Deploying web application directory [/workspaces/Cuoi_ki/WEB chuyển đổi/apache-tomcat-9.0.108/webapps/manager]
01-Jun-2026 07:56:25.232 INFO [main] org.apache.catalina.startup.HostConfig.deployDirectory Deployment of web application directory [/workspaces/Cuoi_ki/WEB chuyển đổi/apache-tomcat-9.0.108/webapps/manager] has finished in [27] ms
01-Jun-2026 07:56:25.236 INFO [main] org.apache.coyote.AbstractProtocol.start Starting ProtocolHandler ["http-nio-8080"]
01-Jun-2026 07:56:25.255 INFO [main] org.apache.catalina.startup.Catalina.start Server startup in [1762] milliseconds
01-Jun-2026 08:12:23.017 INFO [main] org.apache.catalina.startup.VersionLoggerListener.log Server version name:   Apache Tomcat/9.0.108
01-Jun-2026 08:12:23.025 INFO [main] org.apache.catalina.startup.VersionLoggerListener.log Server built:          Jul 31 2025 18:19:48 UTC
01-Jun-2026 08:12:23.027 INFO [main] org.apache.catalina.startup.VersionLoggerListener.log Server version number: 9.0.108.0
01-Jun-2026 08:12:23.027 INFO [main] org.apache.catalina.startup.VersionLoggerListener.log OS Name:               Linux
01-Jun-2026 08:12:23.027 INFO [main] org.apache.catalina.startup.VersionLoggerListener.log OS Version:            6.8.0-1052-azure
01-Jun-2026 08:12:23.028 INFO [main] org.apache.catalina.startup.VersionLoggerListener.log Architecture:          amd64
01-Jun-2026 08:12:23.029 INFO [main] org.apache.catalina.startup.VersionLoggerListener.log Java Home:             /usr/local/sdkman/candidates/java/25.0.2-ms
01-Jun-2026 08:12:23.029 INFO [main] org.apache.catalina.startup.VersionLoggerListener.log JVM Version:           25.0.2+10-LTS
01-Jun-2026 08:12:23.030 INFO [main] org.apache.catalina.startup.VersionLoggerListener.log JVM Vendor:            Microsoft
01-Jun-2026 08:12:23.030 INFO [main] org.apache.catalina.startup.VersionLoggerListener.log CATALINA_BASE:         /workspaces/Cuoi_ki/WEB chuyển đổi/apache-tomcat-9.0.108
01-Jun-2026 08:12:23.032 INFO [main] org.apache.catalina.startup.VersionLoggerListener.log CATALINA_HOME:         /workspaces/Cuoi_ki/WEB chuyển đổi/apache-tomcat-9.0.108
01-Jun-2026 08:12:23.057 INFO [main] org.apache.catalina.startup.VersionLoggerListener.log Command line argument: --add-opens=java.base/java.lang=ALL-UNNAMED
01-Jun-2026 08:12:23.057 INFO [main] org.apache.catalina.startup.VersionLoggerListener.log Command line argument: --add-opens=java.base/java.lang.invoke=ALL-UNNAMED
01-Jun-2026 08:12:23.058 INFO [main] org.apache.catalina.startup.VersionLoggerListener.log Command line argument: --add-opens=java.base/java.lang.reflect=ALL-UNNAMED
01-Jun-2026 08:12:23.058 INFO [main] org.apache.catalina.startup.VersionLoggerListener.log Command line argument: --add-opens=java.base/java.io=ALL-UNNAMED
01-Jun-2026 08:12:23.058 INFO [main] org.apache.catalina.startup.VersionLoggerListener.log Command line argument: --add-opens=java.base/java.util=ALL-UNNAMED
01-Jun-2026 08:12:23.060 INFO [main] org.apache.catalina.startup.VersionLoggerListener.log Command line argument: --add-opens=java.base/java.util.concurrent=ALL-UNNAMED
01-Jun-2026 08:12:23.060 INFO [main] org.apache.catalina.startup.VersionLoggerListener.log Command line argument: --add-opens=java.rmi/sun.rmi.transport=ALL-UNNAMED
01-Jun-2026 08:12:23.060 INFO [main] org.apache.catalina.startup.VersionLoggerListener.log Command line argument: -Djava.util.logging.config.file=/workspaces/Cuoi_ki/WEB chuyển đổi/apache-tomcat-9.0.108/conf/logging.properties
01-Jun-2026 08:12:23.062 INFO [main] org.apache.catalina.startup.VersionLoggerListener.log Command line argument: -Djava.util.logging.manager=org.apache.juli.ClassLoaderLogManager
01-Jun-2026 08:12:23.062 INFO [main] org.apache.catalina.startup.VersionLoggerListener.log Command line argument: -Djdk.tls.ephemeralDHKeySize=2048
01-Jun-2026 08:12:23.063 INFO [main] org.apache.catalina.startup.VersionLoggerListener.log Command line argument: -Djava.protocol.handler.pkgs=org.apache.catalina.webresources
01-Jun-2026 08:12:23.064 INFO [main] org.apache.catalina.startup.VersionLoggerListener.log Command line argument: -Dsun.io.useCanonCaches=false
01-Jun-2026 08:12:23.065 INFO [main] org.apache.catalina.startup.VersionLoggerListener.log Command line argument: -Dorg.apache.catalina.security.SecurityListener.UMASK=0027
01-Jun-2026 08:12:23.065 INFO [main] org.apache.catalina.startup.VersionLoggerListener.log Command line argument: -Dignore.endorsed.dirs=
01-Jun-2026 08:12:23.066 INFO [main] org.apache.catalina.startup.VersionLoggerListener.log Command line argument: -Dcatalina.base=/workspaces/Cuoi_ki/WEB chuyển đổi/apache-tomcat-9.0.108
01-Jun-2026 08:12:23.066 INFO [main] org.apache.catalina.startup.VersionLoggerListener.log Command line argument: -Dcatalina.home=/workspaces/Cuoi_ki/WEB chuyển đổi/apache-tomcat-9.0.108
01-Jun-2026 08:12:23.066 INFO [main] org.apache.catalina.startup.VersionLoggerListener.log Command line argument: -Djava.io.tmpdir=/workspaces/Cuoi_ki/WEB chuyển đổi/apache-tomcat-9.0.108/temp
01-Jun-2026 08:12:23.104 INFO [main] org.apache.catalina.core.AprLifecycleListener.lifecycleEvent The Apache Tomcat Native library which allows using OpenSSL was not found on the java.library.path: [/usr/java/packages/lib:/usr/lib64:/lib64:/lib:/usr/lib]
01-Jun-2026 08:12:23.711 INFO [main] org.apache.coyote.AbstractProtocol.init Initializing ProtocolHandler ["http-nio-8080"]
01-Jun-2026 08:12:23.735 SEVERE [main] org.apache.catalina.util.LifecycleBase.handleSubClassException Failed to initialize component [Connector["http-nio-8080"]]
	org.apache.catalina.LifecycleException: Protocol handler initialization failed
		at org.apache.catalina.connector.Connector.initInternal(Connector.java:1072)
		at org.apache.catalina.util.LifecycleBase.init(LifecycleBase.java:122)
		at org.apache.catalina.core.StandardService.initInternal(StandardService.java:522)
		at org.apache.catalina.util.LifecycleBase.init(LifecycleBase.java:122)
		at org.apache.catalina.core.StandardServer.initInternal(StandardServer.java:986)
		at org.apache.catalina.util.LifecycleBase.init(LifecycleBase.java:122)
		at org.apache.catalina.startup.Catalina.load(Catalina.java:690)
		at org.apache.catalina.startup.Catalina.load(Catalina.java:713)
		at java.base/jdk.internal.reflect.DirectMethodHandleAccessor.invoke(DirectMethodHandleAccessor.java:104)
		at java.base/java.lang.reflect.Method.invoke(Method.java:565)
		at org.apache.catalina.startup.Bootstrap.load(Bootstrap.java:302)
		at org.apache.catalina.startup.Bootstrap.main(Bootstrap.java:475)
	Caused by: java.net.BindException: Address already in use
		at java.base/sun.nio.ch.Net.bind0(Native Method)
		at java.base/sun.nio.ch.Net.bind(Net.java:522)
		at java.base/sun.nio.ch.ServerSocketChannelImpl.netBind(ServerSocketChannelImpl.java:335)
		at java.base/sun.nio.ch.ServerSocketChannelImpl.bind(ServerSocketChannelImpl.java:297)
		at org.apache.tomcat.util.net.NioEndpoint.initServerSocket(NioEndpoint.java:298)
		at org.apache.tomcat.util.net.NioEndpoint.bind(NioEndpoint.java:253)
		at org.apache.tomcat.util.net.AbstractEndpoint.bindWithCleanup(AbstractEndpoint.java:1465)
		at org.apache.tomcat.util.net.AbstractEndpoint.init(AbstractEndpoint.java:1478)
		at org.apache.coyote.AbstractProtocol.init(AbstractProtocol.java:663)
		at org.apache.coyote.http11.AbstractHttp11Protocol.init(AbstractHttp11Protocol.java:80)
		at org.apache.catalina.connector.Connector.initInternal(Connector.java:1070)
		... 11 more
01-Jun-2026 08:12:23.740 INFO [main] org.apache.catalina.startup.Catalina.load Server initialization in [1124] milliseconds
01-Jun-2026 08:12:23.810 INFO [main] org.apache.catalina.core.StandardService.startInternal Starting service [Catalina]
01-Jun-2026 08:12:23.811 INFO [main] org.apache.catalina.core.StandardEngine.startInternal Starting Servlet engine: [Apache Tomcat/9.0.108]
01-Jun-2026 08:12:23.839 INFO [main] org.apache.catalina.startup.HostConfig.deployWAR Deploying web application archive [/workspaces/Cuoi_ki/WEB chuyển đổi/apache-tomcat-9.0.108/webapps/ROOT.war]
01-Jun-2026 08:12:25.214 INFO [main] org.apache.jasper.servlet.TldScanner.scanJars At least one JAR was scanned for TLDs yet contained no TLDs. Enable debug logging for this logger for a complete list of JARs that were scanned but no TLDs were found in them. Skipping unneeded JARs during scanning can improve startup time and JSP compilation time.
01-Jun-2026 08:12:25.538 INFO [main] org.apache.catalina.startup.HostConfig.deployWAR Deployment of web application archive [/workspaces/Cuoi_ki/WEB chuyển đổi/apache-tomcat-9.0.108/webapps/ROOT.war] has finished in [1,698] ms
01-Jun-2026 08:12:25.556 INFO [main] org.apache.catalina.startup.HostConfig.deployWAR Deploying web application archive [/workspaces/Cuoi_ki/WEB chuyển đổi/apache-tomcat-9.0.108/webapps/webchuyendoi-1.0.war]
01-Jun-2026 08:12:25.631 INFO [main] org.apache.catalina.startup.HostConfig.deployWAR Deployment of web application archive [/workspaces/Cuoi_ki/WEB chuyển đổi/apache-tomcat-9.0.108/webapps/webchuyendoi-1.0.war] has finished in [76] ms
01-Jun-2026 08:12:25.634 INFO [main] org.apache.catalina.startup.HostConfig.deployDirectory Deploying web application directory [/workspaces/Cuoi_ki/WEB chuyển đổi/apache-tomcat-9.0.108/webapps/host-manager]
01-Jun-2026 08:12:25.719 INFO [main] org.apache.catalina.startup.HostConfig.deployDirectory Deployment of web application directory [/workspaces/Cuoi_ki/WEB chuyển đổi/apache-tomcat-9.0.108/webapps/host-manager] has finished in [85] ms
01-Jun-2026 08:12:25.720 INFO [main] org.apache.catalina.startup.HostConfig.deployDirectory Deploying web application directory [/workspaces/Cuoi_ki/WEB chuyển đổi/apache-tomcat-9.0.108/webapps/examples]
01-Jun-2026 08:12:26.042 INFO [main] org.apache.catalina.startup.HostConfig.deployDirectory Deployment of web application directory [/workspaces/Cuoi_ki/WEB chuyển đổi/apache-tomcat-9.0.108/webapps/examples] has finished in [322] ms
01-Jun-2026 08:12:26.043 INFO [main] org.apache.catalina.startup.HostConfig.deployDirectory Deploying web application directory [/workspaces/Cuoi_ki/WEB chuyển đổi/apache-tomcat-9.0.108/webapps/docs]
01-Jun-2026 08:12:26.071 INFO [main] org.apache.catalina.startup.HostConfig.deployDirectory Deployment of web application directory [/workspaces/Cuoi_ki/WEB chuyển đổi/apache-tomcat-9.0.108/webapps/docs] has finished in [27] ms
01-Jun-2026 08:12:26.071 INFO [main] org.apache.catalina.startup.HostConfig.deployDirectory Deploying web application directory [/workspaces/Cuoi_ki/WEB chuyển đổi/apache-tomcat-9.0.108/webapps/manager]
01-Jun-2026 08:12:26.110 INFO [main] org.apache.catalina.startup.HostConfig.deployDirectory Deployment of web application directory [/workspaces/Cuoi_ki/WEB chuyển đổi/apache-tomcat-9.0.108/webapps/manager] has finished in [38] ms
01-Jun-2026 08:12:26.117 INFO [main] org.apache.catalina.startup.Catalina.start Server startup in [2374] milliseconds
01-Jun-2026 08:12:26.130 SEVERE [main] org.apache.catalina.core.StandardServer.await Failed to create server shutdown socket on address [localhost] and port [8005] (base port [8005] and offset [0])
	java.net.BindException: Address already in use
		at java.base/sun.nio.ch.Net.bind0(Native Method)
		at java.base/sun.nio.ch.Net.bind(Net.java:522)
		at java.base/sun.nio.ch.Net.bind(Net.java:511)
		at java.base/sun.nio.ch.NioSocketImpl.bind(NioSocketImpl.java:641)
		at java.base/java.net.ServerSocket.bind(ServerSocket.java:326)
		at java.base/java.net.ServerSocket.<init>(ServerSocket.java:222)
		at org.apache.catalina.core.StandardServer.await(StandardServer.java:537)
		at org.apache.catalina.startup.Catalina.await(Catalina.java:829)
		at org.apache.catalina.startup.Catalina.start(Catalina.java:777)
		at java.base/jdk.internal.reflect.DirectMethodHandleAccessor.invoke(DirectMethodHandleAccessor.java:104)
		at java.base/java.lang.reflect.Method.invoke(Method.java:565)
		at org.apache.catalina.startup.Bootstrap.start(Bootstrap.java:345)
		at org.apache.catalina.startup.Bootstrap.main(Bootstrap.java:476)
01-Jun-2026 08:12:26.131 INFO [main] org.apache.coyote.AbstractProtocol.pause Pausing ProtocolHandler ["http-nio-8080"]
01-Jun-2026 08:12:26.132 INFO [main] org.apache.catalina.core.StandardService.stopInternal Stopping service [Catalina]
01-Jun-2026 08:12:26.184 INFO [main] org.apache.coyote.AbstractProtocol.stop Stopping ProtocolHandler ["http-nio-8080"]
01-Jun-2026 08:12:26.187 INFO [main] org.apache.coyote.AbstractProtocol.destroy Destroying ProtocolHandler ["http-nio-8080"]
01-Jun-2026 08:14:35.548 INFO [Catalina-utility-2] org.apache.catalina.startup.HostConfig.undeploy Undeploying context []
01-Jun-2026 08:14:35.560 WARNING [Catalina-utility-2] org.apache.catalina.loader.WebappClassLoaderBase.clearReferencesJdbc The web application [ROOT] registered the JDBC driver [com.microsoft.sqlserver.jdbc.SQLServerDriver] but failed to unregister it when the web application was stopped. To prevent a memory leak, the JDBC Driver has been forcibly unregistered.
01-Jun-2026 08:14:35.568 INFO [Catalina-utility-2] org.apache.catalina.startup.HostConfig.deployWAR Deploying web application archive [/workspaces/Cuoi_ki/WEB chuyển đổi/apache-tomcat-9.0.108/webapps/ROOT.war]
01-Jun-2026 08:14:35.785 INFO [Catalina-utility-2] org.apache.jasper.servlet.TldScanner.scanJars At least one JAR was scanned for TLDs yet contained no TLDs. Enable debug logging for this logger for a complete list of JARs that were scanned but no TLDs were found in them. Skipping unneeded JARs during scanning can improve startup time and JSP compilation time.
01-Jun-2026 08:14:35.790 INFO [Catalina-utility-2] org.apache.catalina.startup.HostConfig.deployWAR Deployment of web application archive [/workspaces/Cuoi_ki/WEB chuyển đổi/apache-tomcat-9.0.108/webapps/ROOT.war] has finished in [222] ms
01-Jun-2026 08:14:42.559 INFO [main] org.apache.catalina.core.StandardServer.await A valid shutdown command was received via the shutdown port. Stopping the Server instance.
01-Jun-2026 08:14:42.559 INFO [main] org.apache.coyote.AbstractProtocol.pause Pausing ProtocolHandler ["http-nio-8080"]
01-Jun-2026 08:14:42.567 INFO [main] org.apache.catalina.core.StandardService.stopInternal Stopping service [Catalina]
01-Jun-2026 08:14:42.597 INFO [main] org.apache.coyote.AbstractProtocol.stop Stopping ProtocolHandler ["http-nio-8080"]
01-Jun-2026 08:14:42.621 INFO [main] org.apache.coyote.AbstractProtocol.destroy Destroying ProtocolHandler ["http-nio-8080"]
01-Jun-2026 08:14:43.592 INFO [main] org.apache.catalina.startup.VersionLoggerListener.log Server version name:   Apache Tomcat/9.0.108
01-Jun-2026 08:14:43.600 INFO [main] org.apache.catalina.startup.VersionLoggerListener.log Server built:          Jul 31 2025 18:19:48 UTC
01-Jun-2026 08:14:43.600 INFO [main] org.apache.catalina.startup.VersionLoggerListener.log Server version number: 9.0.108.0
01-Jun-2026 08:14:43.601 INFO [main] org.apache.catalina.startup.VersionLoggerListener.log OS Name:               Linux
01-Jun-2026 08:14:43.601 INFO [main] org.apache.catalina.startup.VersionLoggerListener.log OS Version:            6.8.0-1052-azure
01-Jun-2026 08:14:43.601 INFO [main] org.apache.catalina.startup.VersionLoggerListener.log Architecture:          amd64
01-Jun-2026 08:14:43.602 INFO [main] org.apache.catalina.startup.VersionLoggerListener.log Java Home:             /usr/local/sdkman/candidates/java/25.0.2-ms
01-Jun-2026 08:14:43.603 INFO [main] org.apache.catalina.startup.VersionLoggerListener.log JVM Version:           25.0.2+10-LTS
01-Jun-2026 08:14:43.603 INFO [main] org.apache.catalina.startup.VersionLoggerListener.log JVM Vendor:            Microsoft
01-Jun-2026 08:14:43.603 INFO [main] org.apache.catalina.startup.VersionLoggerListener.log CATALINA_BASE:         /workspaces/Cuoi_ki/WEB chuyển đổi/apache-tomcat-9.0.108
01-Jun-2026 08:14:43.603 INFO [main] org.apache.catalina.startup.VersionLoggerListener.log CATALINA_HOME:         /workspaces/Cuoi_ki/WEB chuyển đổi/apache-tomcat-9.0.108
01-Jun-2026 08:14:43.619 INFO [main] org.apache.catalina.startup.VersionLoggerListener.log Command line argument: --add-opens=java.base/java.lang=ALL-UNNAMED
01-Jun-2026 08:14:43.619 INFO [main] org.apache.catalina.startup.VersionLoggerListener.log Command line argument: --add-opens=java.base/java.lang.invoke=ALL-UNNAMED
01-Jun-2026 08:14:43.620 INFO [main] org.apache.catalina.startup.VersionLoggerListener.log Command line argument: --add-opens=java.base/java.lang.reflect=ALL-UNNAMED
01-Jun-2026 08:14:43.620 INFO [main] org.apache.catalina.startup.VersionLoggerListener.log Command line argument: --add-opens=java.base/java.io=ALL-UNNAMED
01-Jun-2026 08:14:43.621 INFO [main] org.apache.catalina.startup.VersionLoggerListener.log Command line argument: --add-opens=java.base/java.util=ALL-UNNAMED
01-Jun-2026 08:14:43.621 INFO [main] org.apache.catalina.startup.VersionLoggerListener.log Command line argument: --add-opens=java.base/java.util.concurrent=ALL-UNNAMED
01-Jun-2026 08:14:43.621 INFO [main] org.apache.catalina.startup.VersionLoggerListener.log Command line argument: --add-opens=java.rmi/sun.rmi.transport=ALL-UNNAMED
01-Jun-2026 08:14:43.621 INFO [main] org.apache.catalina.startup.VersionLoggerListener.log Command line argument: -Djava.util.logging.config.file=/workspaces/Cuoi_ki/WEB chuyển đổi/apache-tomcat-9.0.108/conf/logging.properties
01-Jun-2026 08:14:43.622 INFO [main] org.apache.catalina.startup.VersionLoggerListener.log Command line argument: -Djava.util.logging.manager=org.apache.juli.ClassLoaderLogManager
01-Jun-2026 08:14:43.622 INFO [main] org.apache.catalina.startup.VersionLoggerListener.log Command line argument: -Djdk.tls.ephemeralDHKeySize=2048
01-Jun-2026 08:14:43.622 INFO [main] org.apache.catalina.startup.VersionLoggerListener.log Command line argument: -Djava.protocol.handler.pkgs=org.apache.catalina.webresources
01-Jun-2026 08:14:43.623 INFO [main] org.apache.catalina.startup.VersionLoggerListener.log Command line argument: -Dsun.io.useCanonCaches=false
01-Jun-2026 08:14:43.623 INFO [main] org.apache.catalina.startup.VersionLoggerListener.log Command line argument: -Dorg.apache.catalina.security.SecurityListener.UMASK=0027
01-Jun-2026 08:14:43.623 INFO [main] org.apache.catalina.startup.VersionLoggerListener.log Command line argument: -Dignore.endorsed.dirs=
01-Jun-2026 08:14:43.623 INFO [main] org.apache.catalina.startup.VersionLoggerListener.log Command line argument: -Dcatalina.base=/workspaces/Cuoi_ki/WEB chuyển đổi/apache-tomcat-9.0.108
01-Jun-2026 08:14:43.623 INFO [main] org.apache.catalina.startup.VersionLoggerListener.log Command line argument: -Dcatalina.home=/workspaces/Cuoi_ki/WEB chuyển đổi/apache-tomcat-9.0.108
01-Jun-2026 08:14:43.624 INFO [main] org.apache.catalina.startup.VersionLoggerListener.log Command line argument: -Djava.io.tmpdir=/workspaces/Cuoi_ki/WEB chuyển đổi/apache-tomcat-9.0.108/temp
01-Jun-2026 08:14:43.629 INFO [main] org.apache.catalina.core.AprLifecycleListener.lifecycleEvent The Apache Tomcat Native library which allows using OpenSSL was not found on the java.library.path: [/usr/java/packages/lib:/usr/lib64:/lib64:/lib:/usr/lib]
01-Jun-2026 08:14:44.218 INFO [main] org.apache.coyote.AbstractProtocol.init Initializing ProtocolHandler ["http-nio-8080"]
01-Jun-2026 08:14:44.253 INFO [main] org.apache.catalina.startup.Catalina.load Server initialization in [972] milliseconds
01-Jun-2026 08:14:44.323 INFO [main] org.apache.catalina.core.StandardService.startInternal Starting service [Catalina]
01-Jun-2026 08:14:44.324 INFO [main] org.apache.catalina.core.StandardEngine.startInternal Starting Servlet engine: [Apache Tomcat/9.0.108]
01-Jun-2026 08:14:44.350 INFO [main] org.apache.catalina.startup.HostConfig.deployWAR Deploying web application archive [/workspaces/Cuoi_ki/WEB chuyển đổi/apache-tomcat-9.0.108/webapps/ROOT.war]
01-Jun-2026 08:14:45.506 INFO [main] org.apache.jasper.servlet.TldScanner.scanJars At least one JAR was scanned for TLDs yet contained no TLDs. Enable debug logging for this logger for a complete list of JARs that were scanned but no TLDs were found in them. Skipping unneeded JARs during scanning can improve startup time and JSP compilation time.
01-Jun-2026 08:14:45.578 INFO [main] org.apache.catalina.startup.HostConfig.deployWAR Deployment of web application archive [/workspaces/Cuoi_ki/WEB chuyển đổi/apache-tomcat-9.0.108/webapps/ROOT.war] has finished in [1,227] ms
01-Jun-2026 08:14:45.581 INFO [main] org.apache.catalina.startup.HostConfig.deployWAR Deploying web application archive [/workspaces/Cuoi_ki/WEB chuyển đổi/apache-tomcat-9.0.108/webapps/webchuyendoi-1.0.war]
01-Jun-2026 08:14:45.613 INFO [main] org.apache.catalina.startup.HostConfig.deployWAR Deployment of web application archive [/workspaces/Cuoi_ki/WEB chuyển đổi/apache-tomcat-9.0.108/webapps/webchuyendoi-1.0.war] has finished in [33] ms
01-Jun-2026 08:14:45.614 INFO [main] org.apache.catalina.startup.HostConfig.deployDirectory Deploying web application directory [/workspaces/Cuoi_ki/WEB chuyển đổi/apache-tomcat-9.0.108/webapps/host-manager]
01-Jun-2026 08:14:45.677 INFO [main] org.apache.catalina.startup.HostConfig.deployDirectory Deployment of web application directory [/workspaces/Cuoi_ki/WEB chuyển đổi/apache-tomcat-9.0.108/webapps/host-manager] has finished in [63] ms
01-Jun-2026 08:14:45.678 INFO [main] org.apache.catalina.startup.HostConfig.deployDirectory Deploying web application directory [/workspaces/Cuoi_ki/WEB chuyển đổi/apache-tomcat-9.0.108/webapps/examples]
01-Jun-2026 08:14:45.964 INFO [main] org.apache.catalina.startup.HostConfig.deployDirectory Deployment of web application directory [/workspaces/Cuoi_ki/WEB chuyển đổi/apache-tomcat-9.0.108/webapps/examples] has finished in [286] ms
01-Jun-2026 08:14:45.965 INFO [main] org.apache.catalina.startup.HostConfig.deployDirectory Deploying web application directory [/workspaces/Cuoi_ki/WEB chuyển đổi/apache-tomcat-9.0.108/webapps/docs]
01-Jun-2026 08:14:45.989 INFO [main] org.apache.catalina.startup.HostConfig.deployDirectory Deployment of web application directory [/workspaces/Cuoi_ki/WEB chuyển đổi/apache-tomcat-9.0.108/webapps/docs] has finished in [24] ms
01-Jun-2026 08:14:45.990 INFO [main] org.apache.catalina.startup.HostConfig.deployDirectory Deploying web application directory [/workspaces/Cuoi_ki/WEB chuyển đổi/apache-tomcat-9.0.108/webapps/manager]
01-Jun-2026 08:14:46.020 INFO [main] org.apache.catalina.startup.HostConfig.deployDirectory Deployment of web application directory [/workspaces/Cuoi_ki/WEB chuyển đổi/apache-tomcat-9.0.108/webapps/manager] has finished in [30] ms
01-Jun-2026 08:14:46.025 INFO [main] org.apache.coyote.AbstractProtocol.start Starting ProtocolHandler ["http-nio-8080"]
01-Jun-2026 08:14:46.045 INFO [main] org.apache.catalina.startup.Catalina.start Server startup in [1785] milliseconds
01-Jun-2026 09:30:41.308 INFO [main] org.apache.catalina.startup.VersionLoggerListener.log Server version name:   Apache Tomcat/9.0.108
01-Jun-2026 09:30:41.314 INFO [main] org.apache.catalina.startup.VersionLoggerListener.log Server built:          Jul 31 2025 18:19:48 UTC
01-Jun-2026 09:30:41.314 INFO [main] org.apache.catalina.startup.VersionLoggerListener.log Server version number: 9.0.108.0
01-Jun-2026 09:30:41.314 INFO [main] org.apache.catalina.startup.VersionLoggerListener.log OS Name:               Linux
01-Jun-2026 09:30:41.314 INFO [main] org.apache.catalina.startup.VersionLoggerListener.log OS Version:            6.8.0-1052-azure
01-Jun-2026 09:30:41.314 INFO [main] org.apache.catalina.startup.VersionLoggerListener.log Architecture:          amd64
01-Jun-2026 09:30:41.315 INFO [main] org.apache.catalina.startup.VersionLoggerListener.log Java Home:             /usr/local/sdkman/candidates/java/25.0.2-ms
01-Jun-2026 09:30:41.315 INFO [main] org.apache.catalina.startup.VersionLoggerListener.log JVM Version:           25.0.2+10-LTS
01-Jun-2026 09:30:41.315 INFO [main] org.apache.catalina.startup.VersionLoggerListener.log JVM Vendor:            Microsoft
01-Jun-2026 09:30:41.315 INFO [main] org.apache.catalina.startup.VersionLoggerListener.log CATALINA_BASE:         /workspaces/Cuoi_ki/WEB chuyển đổi/apache-tomcat-9.0.108
01-Jun-2026 09:30:41.316 INFO [main] org.apache.catalina.startup.VersionLoggerListener.log CATALINA_HOME:         /workspaces/Cuoi_ki/WEB chuyển đổi/apache-tomcat-9.0.108
01-Jun-2026 09:30:41.341 INFO [main] org.apache.catalina.startup.VersionLoggerListener.log Command line argument: --add-opens=java.base/java.lang=ALL-UNNAMED
01-Jun-2026 09:30:41.344 INFO [main] org.apache.catalina.startup.VersionLoggerListener.log Command line argument: --add-opens=java.base/java.lang.invoke=ALL-UNNAMED
01-Jun-2026 09:30:41.344 INFO [main] org.apache.catalina.startup.VersionLoggerListener.log Command line argument: --add-opens=java.base/java.lang.reflect=ALL-UNNAMED
01-Jun-2026 09:30:41.345 INFO [main] org.apache.catalina.startup.VersionLoggerListener.log Command line argument: --add-opens=java.base/java.io=ALL-UNNAMED
01-Jun-2026 09:30:41.345 INFO [main] org.apache.catalina.startup.VersionLoggerListener.log Command line argument: --add-opens=java.base/java.util=ALL-UNNAMED
01-Jun-2026 09:30:41.345 INFO [main] org.apache.catalina.startup.VersionLoggerListener.log Command line argument: --add-opens=java.base/java.util.concurrent=ALL-UNNAMED
01-Jun-2026 09:30:41.345 INFO [main] org.apache.catalina.startup.VersionLoggerListener.log Command line argument: --add-opens=java.rmi/sun.rmi.transport=ALL-UNNAMED
01-Jun-2026 09:30:41.346 INFO [main] org.apache.catalina.startup.VersionLoggerListener.log Command line argument: -Djava.util.logging.config.file=/workspaces/Cuoi_ki/WEB chuyển đổi/apache-tomcat-9.0.108/conf/logging.properties
01-Jun-2026 09:30:41.346 INFO [main] org.apache.catalina.startup.VersionLoggerListener.log Command line argument: -Djava.util.logging.manager=org.apache.juli.ClassLoaderLogManager
01-Jun-2026 09:30:41.347 INFO [main] org.apache.catalina.startup.VersionLoggerListener.log Command line argument: -Djdk.tls.ephemeralDHKeySize=2048
01-Jun-2026 09:30:41.347 INFO [main] org.apache.catalina.startup.VersionLoggerListener.log Command line argument: -Djava.protocol.handler.pkgs=org.apache.catalina.webresources
01-Jun-2026 09:30:41.347 INFO [main] org.apache.catalina.startup.VersionLoggerListener.log Command line argument: -Dsun.io.useCanonCaches=false
01-Jun-2026 09:30:41.348 INFO [main] org.apache.catalina.startup.VersionLoggerListener.log Command line argument: -Dorg.apache.catalina.security.SecurityListener.UMASK=0027
01-Jun-2026 09:30:41.348 INFO [main] org.apache.catalina.startup.VersionLoggerListener.log Command line argument: -Dignore.endorsed.dirs=
01-Jun-2026 09:30:41.349 INFO [main] org.apache.catalina.startup.VersionLoggerListener.log Command line argument: -Dcatalina.base=/workspaces/Cuoi_ki/WEB chuyển đổi/apache-tomcat-9.0.108
01-Jun-2026 09:30:41.349 INFO [main] org.apache.catalina.startup.VersionLoggerListener.log Command line argument: -Dcatalina.home=/workspaces/Cuoi_ki/WEB chuyển đổi/apache-tomcat-9.0.108
01-Jun-2026 09:30:41.350 INFO [main] org.apache.catalina.startup.VersionLoggerListener.log Command line argument: -Djava.io.tmpdir=/workspaces/Cuoi_ki/WEB chuyển đổi/apache-tomcat-9.0.108/temp
01-Jun-2026 09:30:41.356 INFO [main] org.apache.catalina.core.AprLifecycleListener.lifecycleEvent The Apache Tomcat Native library which allows using OpenSSL was not found on the java.library.path: [/usr/java/packages/lib:/usr/lib64:/lib64:/lib:/usr/lib]
01-Jun-2026 09:30:41.986 INFO [main] org.apache.coyote.AbstractProtocol.init Initializing ProtocolHandler ["http-nio-8080"]
01-Jun-2026 09:30:42.019 INFO [main] org.apache.catalina.startup.Catalina.load Server initialization in [1005] milliseconds
01-Jun-2026 09:30:42.094 INFO [main] org.apache.catalina.core.StandardService.startInternal Starting service [Catalina]
01-Jun-2026 09:30:42.096 INFO [main] org.apache.catalina.core.StandardEngine.startInternal Starting Servlet engine: [Apache Tomcat/9.0.108]
01-Jun-2026 09:30:42.209 INFO [main] org.apache.catalina.startup.HostConfig.deployWAR Deploying web application archive [/workspaces/Cuoi_ki/WEB chuyển đổi/apache-tomcat-9.0.108/webapps/ROOT.war]
01-Jun-2026 09:30:43.277 INFO [main] org.apache.jasper.servlet.TldScanner.scanJars At least one JAR was scanned for TLDs yet contained no TLDs. Enable debug logging for this logger for a complete list of JARs that were scanned but no TLDs were found in them. Skipping unneeded JARs during scanning can improve startup time and JSP compilation time.
01-Jun-2026 09:30:43.336 INFO [main] org.apache.catalina.startup.HostConfig.deployWAR Deployment of web application archive [/workspaces/Cuoi_ki/WEB chuyển đổi/apache-tomcat-9.0.108/webapps/ROOT.war] has finished in [1,126] ms
01-Jun-2026 09:30:43.338 INFO [main] org.apache.catalina.startup.HostConfig.deployWAR Deploying web application archive [/workspaces/Cuoi_ki/WEB chuyển đổi/apache-tomcat-9.0.108/webapps/webchuyendoi-1.0.war]
01-Jun-2026 09:30:43.369 INFO [main] org.apache.catalina.startup.HostConfig.deployWAR Deployment of web application archive [/workspaces/Cuoi_ki/WEB chuyển đổi/apache-tomcat-9.0.108/webapps/webchuyendoi-1.0.war] has finished in [31] ms
01-Jun-2026 09:30:43.370 INFO [main] org.apache.catalina.startup.HostConfig.deployDirectory Deploying web application directory [/workspaces/Cuoi_ki/WEB chuyển đổi/apache-tomcat-9.0.108/webapps/host-manager]
01-Jun-2026 09:30:43.450 INFO [main] org.apache.catalina.startup.HostConfig.deployDirectory Deployment of web application directory [/workspaces/Cuoi_ki/WEB chuyển đổi/apache-tomcat-9.0.108/webapps/host-manager] has finished in [80] ms
01-Jun-2026 09:30:43.451 INFO [main] org.apache.catalina.startup.HostConfig.deployDirectory Deploying web application directory [/workspaces/Cuoi_ki/WEB chuyển đổi/apache-tomcat-9.0.108/webapps/examples]
01-Jun-2026 09:30:44.025 INFO [main] org.apache.catalina.startup.HostConfig.deployDirectory Deployment of web application directory [/workspaces/Cuoi_ki/WEB chuyển đổi/apache-tomcat-9.0.108/webapps/examples] has finished in [575] ms
01-Jun-2026 09:30:44.026 INFO [main] org.apache.catalina.startup.HostConfig.deployDirectory Deploying web application directory [/workspaces/Cuoi_ki/WEB chuyển đổi/apache-tomcat-9.0.108/webapps/docs]
01-Jun-2026 09:30:44.083 INFO [main] org.apache.catalina.startup.HostConfig.deployDirectory Deployment of web application directory [/workspaces/Cuoi_ki/WEB chuyển đổi/apache-tomcat-9.0.108/webapps/docs] has finished in [57] ms
01-Jun-2026 09:30:44.083 INFO [main] org.apache.catalina.startup.HostConfig.deployDirectory Deploying web application directory [/workspaces/Cuoi_ki/WEB chuyển đổi/apache-tomcat-9.0.108/webapps/manager]
01-Jun-2026 09:30:44.125 INFO [main] org.apache.catalina.startup.HostConfig.deployDirectory Deployment of web application directory [/workspaces/Cuoi_ki/WEB chuyển đổi/apache-tomcat-9.0.108/webapps/manager] has finished in [42] ms
01-Jun-2026 09:30:44.130 INFO [main] org.apache.coyote.AbstractProtocol.start Starting ProtocolHandler ["http-nio-8080"]
01-Jun-2026 09:30:44.148 INFO [main] org.apache.catalina.startup.Catalina.start Server startup in [2126] milliseconds
01-Jun-2026 09:38:54.233 INFO [Catalina-utility-1] org.apache.catalina.startup.HostConfig.undeploy Undeploying context []
01-Jun-2026 09:38:54.243 WARNING [Catalina-utility-1] org.apache.catalina.loader.WebappClassLoaderBase.clearReferencesJdbc The web application [ROOT] registered the JDBC driver [com.microsoft.sqlserver.jdbc.SQLServerDriver] but failed to unregister it when the web application was stopped. To prevent a memory leak, the JDBC Driver has been forcibly unregistered.
01-Jun-2026 09:38:54.263 INFO [Catalina-utility-1] org.apache.catalina.startup.HostConfig.deployWAR Deploying web application archive [/workspaces/Cuoi_ki/WEB chuyển đổi/apache-tomcat-9.0.108/webapps/ROOT.war]
01-Jun-2026 09:38:54.474 INFO [Catalina-utility-1] org.apache.jasper.servlet.TldScanner.scanJars At least one JAR was scanned for TLDs yet contained no TLDs. Enable debug logging for this logger for a complete list of JARs that were scanned but no TLDs were found in them. Skipping unneeded JARs during scanning can improve startup time and JSP compilation time.
01-Jun-2026 09:38:54.476 INFO [Catalina-utility-1] org.apache.catalina.startup.HostConfig.deployWAR Deployment of web application archive [/workspaces/Cuoi_ki/WEB chuyển đổi/apache-tomcat-9.0.108/webapps/ROOT.war] has finished in [213] ms
01-Jun-2026 09:38:57.290 INFO [main] org.apache.catalina.core.StandardServer.await A valid shutdown command was received via the shutdown port. Stopping the Server instance.
01-Jun-2026 09:38:57.291 INFO [main] org.apache.coyote.AbstractProtocol.pause Pausing ProtocolHandler ["http-nio-8080"]
01-Jun-2026 09:38:57.297 INFO [main] org.apache.catalina.core.StandardService.stopInternal Stopping service [Catalina]
01-Jun-2026 09:38:57.322 INFO [main] org.apache.coyote.AbstractProtocol.stop Stopping ProtocolHandler ["http-nio-8080"]
01-Jun-2026 09:38:57.334 INFO [main] org.apache.coyote.AbstractProtocol.destroy Destroying ProtocolHandler ["http-nio-8080"]
01-Jun-2026 09:38:57.989 INFO [main] org.apache.catalina.startup.VersionLoggerListener.log Server version name:   Apache Tomcat/9.0.108
01-Jun-2026 09:38:57.992 INFO [main] org.apache.catalina.startup.VersionLoggerListener.log Server built:          Jul 31 2025 18:19:48 UTC
01-Jun-2026 09:38:57.993 INFO [main] org.apache.catalina.startup.VersionLoggerListener.log Server version number: 9.0.108.0
01-Jun-2026 09:38:57.994 INFO [main] org.apache.catalina.startup.VersionLoggerListener.log OS Name:               Linux
01-Jun-2026 09:38:57.994 INFO [main] org.apache.catalina.startup.VersionLoggerListener.log OS Version:            6.8.0-1052-azure
01-Jun-2026 09:38:57.994 INFO [main] org.apache.catalina.startup.VersionLoggerListener.log Architecture:          amd64
01-Jun-2026 09:38:57.994 INFO [main] org.apache.catalina.startup.VersionLoggerListener.log Java Home:             /usr/local/sdkman/candidates/java/25.0.2-ms
01-Jun-2026 09:38:57.994 INFO [main] org.apache.catalina.startup.VersionLoggerListener.log JVM Version:           25.0.2+10-LTS
01-Jun-2026 09:38:57.994 INFO [main] org.apache.catalina.startup.VersionLoggerListener.log JVM Vendor:            Microsoft
01-Jun-2026 09:38:57.994 INFO [main] org.apache.catalina.startup.VersionLoggerListener.log CATALINA_BASE:         /workspaces/Cuoi_ki/WEB chuyển đổi/apache-tomcat-9.0.108
01-Jun-2026 09:38:57.994 INFO [main] org.apache.catalina.startup.VersionLoggerListener.log CATALINA_HOME:         /workspaces/Cuoi_ki/WEB chuyển đổi/apache-tomcat-9.0.108
01-Jun-2026 09:38:58.005 INFO [main] org.apache.catalina.startup.VersionLoggerListener.log Command line argument: --add-opens=java.base/java.lang=ALL-UNNAMED
01-Jun-2026 09:38:58.005 INFO [main] org.apache.catalina.startup.VersionLoggerListener.log Command line argument: --add-opens=java.base/java.lang.invoke=ALL-UNNAMED
01-Jun-2026 09:38:58.006 INFO [main] org.apache.catalina.startup.VersionLoggerListener.log Command line argument: --add-opens=java.base/java.lang.reflect=ALL-UNNAMED
01-Jun-2026 09:38:58.006 INFO [main] org.apache.catalina.startup.VersionLoggerListener.log Command line argument: --add-opens=java.base/java.io=ALL-UNNAMED
01-Jun-2026 09:38:58.006 INFO [main] org.apache.catalina.startup.VersionLoggerListener.log Command line argument: --add-opens=java.base/java.util=ALL-UNNAMED
01-Jun-2026 09:38:58.006 INFO [main] org.apache.catalina.startup.VersionLoggerListener.log Command line argument: --add-opens=java.base/java.util.concurrent=ALL-UNNAMED
01-Jun-2026 09:38:58.007 INFO [main] org.apache.catalina.startup.VersionLoggerListener.log Command line argument: --add-opens=java.rmi/sun.rmi.transport=ALL-UNNAMED
01-Jun-2026 09:38:58.007 INFO [main] org.apache.catalina.startup.VersionLoggerListener.log Command line argument: -Djava.util.logging.config.file=/workspaces/Cuoi_ki/WEB chuyển đổi/apache-tomcat-9.0.108/conf/logging.properties
01-Jun-2026 09:38:58.007 INFO [main] org.apache.catalina.startup.VersionLoggerListener.log Command line argument: -Djava.util.logging.manager=org.apache.juli.ClassLoaderLogManager
01-Jun-2026 09:38:58.007 INFO [main] org.apache.catalina.startup.VersionLoggerListener.log Command line argument: -Djdk.tls.ephemeralDHKeySize=2048
01-Jun-2026 09:38:58.008 INFO [main] org.apache.catalina.startup.VersionLoggerListener.log Command line argument: -Djava.protocol.handler.pkgs=org.apache.catalina.webresources
01-Jun-2026 09:38:58.008 INFO [main] org.apache.catalina.startup.VersionLoggerListener.log Command line argument: -Dsun.io.useCanonCaches=false
01-Jun-2026 09:38:58.008 INFO [main] org.apache.catalina.startup.VersionLoggerListener.log Command line argument: -Dorg.apache.catalina.security.SecurityListener.UMASK=0027
01-Jun-2026 09:38:58.008 INFO [main] org.apache.catalina.startup.VersionLoggerListener.log Command line argument: -Dignore.endorsed.dirs=
01-Jun-2026 09:38:58.009 INFO [main] org.apache.catalina.startup.VersionLoggerListener.log Command line argument: -Dcatalina.base=/workspaces/Cuoi_ki/WEB chuyển đổi/apache-tomcat-9.0.108
01-Jun-2026 09:38:58.009 INFO [main] org.apache.catalina.startup.VersionLoggerListener.log Command line argument: -Dcatalina.home=/workspaces/Cuoi_ki/WEB chuyển đổi/apache-tomcat-9.0.108
01-Jun-2026 09:38:58.009 INFO [main] org.apache.catalina.startup.VersionLoggerListener.log Command line argument: -Djava.io.tmpdir=/workspaces/Cuoi_ki/WEB chuyển đổi/apache-tomcat-9.0.108/temp
01-Jun-2026 09:38:58.011 INFO [main] org.apache.catalina.core.AprLifecycleListener.lifecycleEvent The Apache Tomcat Native library which allows using OpenSSL was not found on the java.library.path: [/usr/java/packages/lib:/usr/lib64:/lib64:/lib:/usr/lib]
01-Jun-2026 09:38:58.519 INFO [main] org.apache.coyote.AbstractProtocol.init Initializing ProtocolHandler ["http-nio-8080"]
01-Jun-2026 09:38:58.544 INFO [main] org.apache.catalina.startup.Catalina.load Server initialization in [830] milliseconds
01-Jun-2026 09:38:58.595 INFO [main] org.apache.catalina.core.StandardService.startInternal Starting service [Catalina]
01-Jun-2026 09:38:58.597 INFO [main] org.apache.catalina.core.StandardEngine.startInternal Starting Servlet engine: [Apache Tomcat/9.0.108]
01-Jun-2026 09:38:58.645 INFO [main] org.apache.catalina.startup.HostConfig.deployWAR Deploying web application archive [/workspaces/Cuoi_ki/WEB chuyển đổi/apache-tomcat-9.0.108/webapps/ROOT.war]
01-Jun-2026 09:38:59.525 INFO [main] org.apache.jasper.servlet.TldScanner.scanJars At least one JAR was scanned for TLDs yet contained no TLDs. Enable debug logging for this logger for a complete list of JARs that were scanned but no TLDs were found in them. Skipping unneeded JARs during scanning can improve startup time and JSP compilation time.
01-Jun-2026 09:38:59.613 INFO [main] org.apache.catalina.startup.HostConfig.deployWAR Deployment of web application archive [/workspaces/Cuoi_ki/WEB chuyển đổi/apache-tomcat-9.0.108/webapps/ROOT.war] has finished in [966] ms
01-Jun-2026 09:38:59.614 INFO [main] org.apache.catalina.startup.HostConfig.deployWAR Deploying web application archive [/workspaces/Cuoi_ki/WEB chuyển đổi/apache-tomcat-9.0.108/webapps/webchuyendoi-1.0.war]
01-Jun-2026 09:38:59.680 INFO [main] org.apache.catalina.startup.HostConfig.deployWAR Deployment of web application archive [/workspaces/Cuoi_ki/WEB chuyển đổi/apache-tomcat-9.0.108/webapps/webchuyendoi-1.0.war] has finished in [65] ms
01-Jun-2026 09:38:59.681 INFO [main] org.apache.catalina.startup.HostConfig.deployDirectory Deploying web application directory [/workspaces/Cuoi_ki/WEB chuyển đổi/apache-tomcat-9.0.108/webapps/host-manager]
01-Jun-2026 09:38:59.718 INFO [main] org.apache.catalina.startup.HostConfig.deployDirectory Deployment of web application directory [/workspaces/Cuoi_ki/WEB chuyển đổi/apache-tomcat-9.0.108/webapps/host-manager] has finished in [37] ms
01-Jun-2026 09:38:59.719 INFO [main] org.apache.catalina.startup.HostConfig.deployDirectory Deploying web application directory [/workspaces/Cuoi_ki/WEB chuyển đổi/apache-tomcat-9.0.108/webapps/examples]
01-Jun-2026 09:39:00.032 INFO [main] org.apache.catalina.startup.HostConfig.deployDirectory Deployment of web application directory [/workspaces/Cuoi_ki/WEB chuyển đổi/apache-tomcat-9.0.108/webapps/examples] has finished in [313] ms
01-Jun-2026 09:39:00.032 INFO [main] org.apache.catalina.startup.HostConfig.deployDirectory Deploying web application directory [/workspaces/Cuoi_ki/WEB chuyển đổi/apache-tomcat-9.0.108/webapps/docs]
01-Jun-2026 09:39:00.077 INFO [main] org.apache.catalina.startup.HostConfig.deployDirectory Deployment of web application directory [/workspaces/Cuoi_ki/WEB chuyển đổi/apache-tomcat-9.0.108/webapps/docs] has finished in [45] ms
01-Jun-2026 09:39:00.077 INFO [main] org.apache.catalina.startup.HostConfig.deployDirectory Deploying web application directory [/workspaces/Cuoi_ki/WEB chuyển đổi/apache-tomcat-9.0.108/webapps/manager]
01-Jun-2026 09:39:00.139 INFO [main] org.apache.catalina.startup.HostConfig.deployDirectory Deployment of web application directory [/workspaces/Cuoi_ki/WEB chuyển đổi/apache-tomcat-9.0.108/webapps/manager] has finished in [62] ms
01-Jun-2026 09:39:00.146 INFO [main] org.apache.coyote.AbstractProtocol.start Starting ProtocolHandler ["http-nio-8080"]
01-Jun-2026 09:39:00.158 INFO [main] org.apache.catalina.startup.Catalina.start Server startup in [1609] milliseconds
01-Jun-2026 10:02:20.468 INFO [Catalina-utility-2] org.apache.catalina.startup.HostConfig.undeploy Undeploying context []
01-Jun-2026 10:02:20.540 WARNING [Catalina-utility-2] org.apache.catalina.loader.WebappClassLoaderBase.clearReferencesJdbc The web application [ROOT] registered the JDBC driver [com.microsoft.sqlserver.jdbc.SQLServerDriver] but failed to unregister it when the web application was stopped. To prevent a memory leak, the JDBC Driver has been forcibly unregistered.
01-Jun-2026 10:02:20.558 INFO [Catalina-utility-2] org.apache.catalina.startup.HostConfig.deployWAR Deploying web application archive [/workspaces/Cuoi_ki/WEB chuyển đổi/apache-tomcat-9.0.108/webapps/ROOT.war]
01-Jun-2026 10:02:20.885 INFO [Catalina-utility-2] org.apache.jasper.servlet.TldScanner.scanJars At least one JAR was scanned for TLDs yet contained no TLDs. Enable debug logging for this logger for a complete list of JARs that were scanned but no TLDs were found in them. Skipping unneeded JARs during scanning can improve startup time and JSP compilation time.
01-Jun-2026 10:02:20.896 INFO [Catalina-utility-2] org.apache.catalina.startup.HostConfig.deployWAR Deployment of web application archive [/workspaces/Cuoi_ki/WEB chuyển đổi/apache-tomcat-9.0.108/webapps/ROOT.war] has finished in [337] ms
01-Jun-2026 10:02:22.721 INFO [main] org.apache.catalina.core.StandardServer.await A valid shutdown command was received via the shutdown port. Stopping the Server instance.
01-Jun-2026 10:02:22.723 INFO [main] org.apache.coyote.AbstractProtocol.pause Pausing ProtocolHandler ["http-nio-8080"]
01-Jun-2026 10:02:22.730 INFO [main] org.apache.catalina.core.StandardService.stopInternal Stopping service [Catalina]
01-Jun-2026 10:02:22.831 INFO [main] org.apache.coyote.AbstractProtocol.stop Stopping ProtocolHandler ["http-nio-8080"]
01-Jun-2026 10:02:22.862 INFO [main] org.apache.coyote.AbstractProtocol.destroy Destroying ProtocolHandler ["http-nio-8080"]
01-Jun-2026 10:02:23.875 INFO [main] org.apache.catalina.startup.VersionLoggerListener.log Server version name:   Apache Tomcat/9.0.108
01-Jun-2026 10:02:23.884 INFO [main] org.apache.catalina.startup.VersionLoggerListener.log Server built:          Jul 31 2025 18:19:48 UTC
01-Jun-2026 10:02:23.886 INFO [main] org.apache.catalina.startup.VersionLoggerListener.log Server version number: 9.0.108.0
01-Jun-2026 10:02:23.887 INFO [main] org.apache.catalina.startup.VersionLoggerListener.log OS Name:               Linux
01-Jun-2026 10:02:23.888 INFO [main] org.apache.catalina.startup.VersionLoggerListener.log OS Version:            6.8.0-1052-azure
01-Jun-2026 10:02:23.888 INFO [main] org.apache.catalina.startup.VersionLoggerListener.log Architecture:          amd64
01-Jun-2026 10:02:23.888 INFO [main] org.apache.catalina.startup.VersionLoggerListener.log Java Home:             /usr/local/sdkman/candidates/java/25.0.2-ms
01-Jun-2026 10:02:23.888 INFO [main] org.apache.catalina.startup.VersionLoggerListener.log JVM Version:           25.0.2+10-LTS
01-Jun-2026 10:02:23.889 INFO [main] org.apache.catalina.startup.VersionLoggerListener.log JVM Vendor:            Microsoft
01-Jun-2026 10:02:23.890 INFO [main] org.apache.catalina.startup.VersionLoggerListener.log CATALINA_BASE:         /workspaces/Cuoi_ki/WEB chuyển đổi/apache-tomcat-9.0.108
01-Jun-2026 10:02:23.893 INFO [main] org.apache.catalina.startup.VersionLoggerListener.log CATALINA_HOME:         /workspaces/Cuoi_ki/WEB chuyển đổi/apache-tomcat-9.0.108
01-Jun-2026 10:02:23.943 INFO [main] org.apache.catalina.startup.VersionLoggerListener.log Command line argument: --add-opens=java.base/java.lang=ALL-UNNAMED
01-Jun-2026 10:02:23.943 INFO [main] org.apache.catalina.startup.VersionLoggerListener.log Command line argument: --add-opens=java.base/java.lang.invoke=ALL-UNNAMED
01-Jun-2026 10:02:23.945 INFO [main] org.apache.catalina.startup.VersionLoggerListener.log Command line argument: --add-opens=java.base/java.lang.reflect=ALL-UNNAMED
01-Jun-2026 10:02:23.945 INFO [main] org.apache.catalina.startup.VersionLoggerListener.log Command line argument: --add-opens=java.base/java.io=ALL-UNNAMED
01-Jun-2026 10:02:23.946 INFO [main] org.apache.catalina.startup.VersionLoggerListener.log Command line argument: --add-opens=java.base/java.util=ALL-UNNAMED
01-Jun-2026 10:02:23.946 INFO [main] org.apache.catalina.startup.VersionLoggerListener.log Command line argument: --add-opens=java.base/java.util.concurrent=ALL-UNNAMED
01-Jun-2026 10:02:23.946 INFO [main] org.apache.catalina.startup.VersionLoggerListener.log Command line argument: --add-opens=java.rmi/sun.rmi.transport=ALL-UNNAMED
01-Jun-2026 10:02:23.946 INFO [main] org.apache.catalina.startup.VersionLoggerListener.log Command line argument: -Djava.util.logging.config.file=/workspaces/Cuoi_ki/WEB chuyển đổi/apache-tomcat-9.0.108/conf/logging.properties
01-Jun-2026 10:02:23.946 INFO [main] org.apache.catalina.startup.VersionLoggerListener.log Command line argument: -Djava.util.logging.manager=org.apache.juli.ClassLoaderLogManager
01-Jun-2026 10:02:23.949 INFO [main] org.apache.catalina.startup.VersionLoggerListener.log Command line argument: -Djdk.tls.ephemeralDHKeySize=2048
01-Jun-2026 10:02:23.950 INFO [main] org.apache.catalina.startup.VersionLoggerListener.log Command line argument: -Djava.protocol.handler.pkgs=org.apache.catalina.webresources
01-Jun-2026 10:02:23.951 INFO [main] org.apache.catalina.startup.VersionLoggerListener.log Command line argument: -Dsun.io.useCanonCaches=false
01-Jun-2026 10:02:23.954 INFO [main] org.apache.catalina.startup.VersionLoggerListener.log Command line argument: -Dorg.apache.catalina.security.SecurityListener.UMASK=0027
01-Jun-2026 10:02:23.955 INFO [main] org.apache.catalina.startup.VersionLoggerListener.log Command line argument: -Dignore.endorsed.dirs=
01-Jun-2026 10:02:23.955 INFO [main] org.apache.catalina.startup.VersionLoggerListener.log Command line argument: -Dcatalina.base=/workspaces/Cuoi_ki/WEB chuyển đổi/apache-tomcat-9.0.108
01-Jun-2026 10:02:23.955 INFO [main] org.apache.catalina.startup.VersionLoggerListener.log Command line argument: -Dcatalina.home=/workspaces/Cuoi_ki/WEB chuyển đổi/apache-tomcat-9.0.108
01-Jun-2026 10:02:23.955 INFO [main] org.apache.catalina.startup.VersionLoggerListener.log Command line argument: -Djava.io.tmpdir=/workspaces/Cuoi_ki/WEB chuyển đổi/apache-tomcat-9.0.108/temp
01-Jun-2026 10:02:23.985 INFO [main] org.apache.catalina.core.AprLifecycleListener.lifecycleEvent The Apache Tomcat Native library which allows using OpenSSL was not found on the java.library.path: [/usr/java/packages/lib:/usr/lib64:/lib64:/lib:/usr/lib]
01-Jun-2026 10:02:24.567 INFO [main] org.apache.coyote.AbstractProtocol.init Initializing ProtocolHandler ["http-nio-8080"]
01-Jun-2026 10:02:24.594 INFO [main] org.apache.catalina.startup.Catalina.load Server initialization in [1171] milliseconds
01-Jun-2026 10:02:24.656 INFO [main] org.apache.catalina.core.StandardService.startInternal Starting service [Catalina]
01-Jun-2026 10:02:24.657 INFO [main] org.apache.catalina.core.StandardEngine.startInternal Starting Servlet engine: [Apache Tomcat/9.0.108]
01-Jun-2026 10:02:24.682 INFO [main] org.apache.catalina.startup.HostConfig.deployWAR Deploying web application archive [/workspaces/Cuoi_ki/WEB chuyển đổi/apache-tomcat-9.0.108/webapps/ROOT.war]
01-Jun-2026 10:02:25.471 INFO [main] org.apache.jasper.servlet.TldScanner.scanJars At least one JAR was scanned for TLDs yet contained no TLDs. Enable debug logging for this logger for a complete list of JARs that were scanned but no TLDs were found in them. Skipping unneeded JARs during scanning can improve startup time and JSP compilation time.
01-Jun-2026 10:02:25.544 INFO [main] org.apache.catalina.startup.HostConfig.deployWAR Deployment of web application archive [/workspaces/Cuoi_ki/WEB chuyển đổi/apache-tomcat-9.0.108/webapps/ROOT.war] has finished in [860] ms
01-Jun-2026 10:02:25.557 INFO [main] org.apache.catalina.startup.HostConfig.deployWAR Deploying web application archive [/workspaces/Cuoi_ki/WEB chuyển đổi/apache-tomcat-9.0.108/webapps/webchuyendoi-1.0.war]
01-Jun-2026 10:02:25.617 INFO [main] org.apache.catalina.startup.HostConfig.deployWAR Deployment of web application archive [/workspaces/Cuoi_ki/WEB chuyển đổi/apache-tomcat-9.0.108/webapps/webchuyendoi-1.0.war] has finished in [60] ms
01-Jun-2026 10:02:25.620 INFO [main] org.apache.catalina.startup.HostConfig.deployDirectory Deploying web application directory [/workspaces/Cuoi_ki/WEB chuyển đổi/apache-tomcat-9.0.108/webapps/host-manager]
01-Jun-2026 10:02:25.706 INFO [main] org.apache.catalina.startup.HostConfig.deployDirectory Deployment of web application directory [/workspaces/Cuoi_ki/WEB chuyển đổi/apache-tomcat-9.0.108/webapps/host-manager] has finished in [85] ms
01-Jun-2026 10:02:25.706 INFO [main] org.apache.catalina.startup.HostConfig.deployDirectory Deploying web application directory [/workspaces/Cuoi_ki/WEB chuyển đổi/apache-tomcat-9.0.108/webapps/examples]
01-Jun-2026 10:02:26.129 INFO [main] org.apache.catalina.startup.HostConfig.deployDirectory Deployment of web application directory [/workspaces/Cuoi_ki/WEB chuyển đổi/apache-tomcat-9.0.108/webapps/examples] has finished in [422] ms
01-Jun-2026 10:02:26.129 INFO [main] org.apache.catalina.startup.HostConfig.deployDirectory Deploying web application directory [/workspaces/Cuoi_ki/WEB chuyển đổi/apache-tomcat-9.0.108/webapps/docs]
01-Jun-2026 10:02:26.166 INFO [main] org.apache.catalina.startup.HostConfig.deployDirectory Deployment of web application directory [/workspaces/Cuoi_ki/WEB chuyển đổi/apache-tomcat-9.0.108/webapps/docs] has finished in [37] ms
01-Jun-2026 10:02:26.166 INFO [main] org.apache.catalina.startup.HostConfig.deployDirectory Deploying web application directory [/workspaces/Cuoi_ki/WEB chuyển đổi/apache-tomcat-9.0.108/webapps/manager]
01-Jun-2026 10:02:26.233 INFO [main] org.apache.catalina.startup.HostConfig.deployDirectory Deployment of web application directory [/workspaces/Cuoi_ki/WEB chuyển đổi/apache-tomcat-9.0.108/webapps/manager] has finished in [66] ms
01-Jun-2026 10:02:26.246 INFO [main] org.apache.coyote.AbstractProtocol.start Starting ProtocolHandler ["http-nio-8080"]
01-Jun-2026 10:02:26.270 INFO [main] org.apache.catalina.startup.Catalina.start Server startup in [1671] milliseconds
01-Jun-2026 10:09:26.346 INFO [Catalina-utility-1] org.apache.catalina.startup.HostConfig.undeploy Undeploying context []
01-Jun-2026 10:09:26.368 WARNING [Catalina-utility-1] org.apache.catalina.loader.WebappClassLoaderBase.clearReferencesJdbc The web application [ROOT] registered the JDBC driver [com.microsoft.sqlserver.jdbc.SQLServerDriver] but failed to unregister it when the web application was stopped. To prevent a memory leak, the JDBC Driver has been forcibly unregistered.
01-Jun-2026 10:09:26.397 INFO [Catalina-utility-1] org.apache.catalina.startup.HostConfig.deployWAR Deploying web application archive [/workspaces/Cuoi_ki/WEB chuyển đổi/apache-tomcat-9.0.108/webapps/ROOT.war]
01-Jun-2026 10:09:26.575 INFO [Catalina-utility-1] org.apache.jasper.servlet.TldScanner.scanJars At least one JAR was scanned for TLDs yet contained no TLDs. Enable debug logging for this logger for a complete list of JARs that were scanned but no TLDs were found in them. Skipping unneeded JARs during scanning can improve startup time and JSP compilation time.
01-Jun-2026 10:09:26.577 INFO [Catalina-utility-1] org.apache.catalina.startup.HostConfig.deployWAR Deployment of web application archive [/workspaces/Cuoi_ki/WEB chuyển đổi/apache-tomcat-9.0.108/webapps/ROOT.war] has finished in [180] ms
01-Jun-2026 10:09:36.420 INFO [main] org.apache.catalina.startup.VersionLoggerListener.log Server version name:   Apache Tomcat/9.0.108
01-Jun-2026 10:09:36.424 INFO [main] org.apache.catalina.startup.VersionLoggerListener.log Server built:          Jul 31 2025 18:19:48 UTC
01-Jun-2026 10:09:36.425 INFO [main] org.apache.catalina.startup.VersionLoggerListener.log Server version number: 9.0.108.0
01-Jun-2026 10:09:36.427 INFO [main] org.apache.catalina.startup.VersionLoggerListener.log OS Name:               Linux
01-Jun-2026 10:09:36.427 INFO [main] org.apache.catalina.startup.VersionLoggerListener.log OS Version:            6.8.0-1052-azure
01-Jun-2026 10:09:36.428 INFO [main] org.apache.catalina.startup.VersionLoggerListener.log Architecture:          amd64
01-Jun-2026 10:09:36.428 INFO [main] org.apache.catalina.startup.VersionLoggerListener.log Java Home:             /usr/local/sdkman/candidates/java/25.0.2-ms
01-Jun-2026 10:09:36.428 INFO [main] org.apache.catalina.startup.VersionLoggerListener.log JVM Version:           25.0.2+10-LTS
01-Jun-2026 10:09:36.429 INFO [main] org.apache.catalina.startup.VersionLoggerListener.log JVM Vendor:            Microsoft
01-Jun-2026 10:09:36.429 INFO [main] org.apache.catalina.startup.VersionLoggerListener.log CATALINA_BASE:         /workspaces/Cuoi_ki/WEB chuyển đổi/apache-tomcat-9.0.108
01-Jun-2026 10:09:36.430 INFO [main] org.apache.catalina.startup.VersionLoggerListener.log CATALINA_HOME:         /workspaces/Cuoi_ki/WEB chuyển đổi/apache-tomcat-9.0.108
01-Jun-2026 10:09:36.456 INFO [main] org.apache.catalina.startup.VersionLoggerListener.log Command line argument: --add-opens=java.base/java.lang=ALL-UNNAMED
01-Jun-2026 10:09:36.460 INFO [main] org.apache.catalina.startup.VersionLoggerListener.log Command line argument: --add-opens=java.base/java.lang.invoke=ALL-UNNAMED
01-Jun-2026 10:09:36.460 INFO [main] org.apache.catalina.startup.VersionLoggerListener.log Command line argument: --add-opens=java.base/java.lang.reflect=ALL-UNNAMED
01-Jun-2026 10:09:36.460 INFO [main] org.apache.catalina.startup.VersionLoggerListener.log Command line argument: --add-opens=java.base/java.io=ALL-UNNAMED
01-Jun-2026 10:09:36.460 INFO [main] org.apache.catalina.startup.VersionLoggerListener.log Command line argument: --add-opens=java.base/java.util=ALL-UNNAMED
01-Jun-2026 10:09:36.460 INFO [main] org.apache.catalina.startup.VersionLoggerListener.log Command line argument: --add-opens=java.base/java.util.concurrent=ALL-UNNAMED
01-Jun-2026 10:09:36.460 INFO [main] org.apache.catalina.startup.VersionLoggerListener.log Command line argument: --add-opens=java.rmi/sun.rmi.transport=ALL-UNNAMED
01-Jun-2026 10:09:36.460 INFO [main] org.apache.catalina.startup.VersionLoggerListener.log Command line argument: -Djava.util.logging.config.file=/workspaces/Cuoi_ki/WEB chuyển đổi/apache-tomcat-9.0.108/conf/logging.properties
01-Jun-2026 10:09:36.461 INFO [main] org.apache.catalina.startup.VersionLoggerListener.log Command line argument: -Djava.util.logging.manager=org.apache.juli.ClassLoaderLogManager
01-Jun-2026 10:09:36.461 INFO [main] org.apache.catalina.startup.VersionLoggerListener.log Command line argument: -Djdk.tls.ephemeralDHKeySize=2048
01-Jun-2026 10:09:36.461 INFO [main] org.apache.catalina.startup.VersionLoggerListener.log Command line argument: -Djava.protocol.handler.pkgs=org.apache.catalina.webresources
01-Jun-2026 10:09:36.463 INFO [main] org.apache.catalina.startup.VersionLoggerListener.log Command line argument: -Dsun.io.useCanonCaches=false
01-Jun-2026 10:09:36.463 INFO [main] org.apache.catalina.startup.VersionLoggerListener.log Command line argument: -Dorg.apache.catalina.security.SecurityListener.UMASK=0027
01-Jun-2026 10:09:36.463 INFO [main] org.apache.catalina.startup.VersionLoggerListener.log Command line argument: -Dignore.endorsed.dirs=
01-Jun-2026 10:09:36.464 INFO [main] org.apache.catalina.startup.VersionLoggerListener.log Command line argument: -Dcatalina.base=/workspaces/Cuoi_ki/WEB chuyển đổi/apache-tomcat-9.0.108
01-Jun-2026 10:09:36.464 INFO [main] org.apache.catalina.startup.VersionLoggerListener.log Command line argument: -Dcatalina.home=/workspaces/Cuoi_ki/WEB chuyển đổi/apache-tomcat-9.0.108
01-Jun-2026 10:09:36.465 INFO [main] org.apache.catalina.startup.VersionLoggerListener.log Command line argument: -Djava.io.tmpdir=/workspaces/Cuoi_ki/WEB chuyển đổi/apache-tomcat-9.0.108/temp
01-Jun-2026 10:09:36.469 INFO [main] org.apache.catalina.core.AprLifecycleListener.lifecycleEvent The Apache Tomcat Native library which allows using OpenSSL was not found on the java.library.path: [/usr/java/packages/lib:/usr/lib64:/lib64:/lib:/usr/lib]
01-Jun-2026 10:09:37.085 INFO [main] org.apache.coyote.AbstractProtocol.init Initializing ProtocolHandler ["http-nio-8080"]
01-Jun-2026 10:09:37.101 SEVERE [main] org.apache.catalina.util.LifecycleBase.handleSubClassException Failed to initialize component [Connector["http-nio-8080"]]
	org.apache.catalina.LifecycleException: Protocol handler initialization failed
		at org.apache.catalina.connector.Connector.initInternal(Connector.java:1072)
		at org.apache.catalina.util.LifecycleBase.init(LifecycleBase.java:122)
		at org.apache.catalina.core.StandardService.initInternal(StandardService.java:522)
		at org.apache.catalina.util.LifecycleBase.init(LifecycleBase.java:122)
		at org.apache.catalina.core.StandardServer.initInternal(StandardServer.java:986)
		at org.apache.catalina.util.LifecycleBase.init(LifecycleBase.java:122)
		at org.apache.catalina.startup.Catalina.load(Catalina.java:690)
		at org.apache.catalina.startup.Catalina.load(Catalina.java:713)
		at java.base/jdk.internal.reflect.DirectMethodHandleAccessor.invoke(DirectMethodHandleAccessor.java:104)
		at java.base/java.lang.reflect.Method.invoke(Method.java:565)
		at org.apache.catalina.startup.Bootstrap.load(Bootstrap.java:302)
		at org.apache.catalina.startup.Bootstrap.main(Bootstrap.java:475)
	Caused by: java.net.BindException: Address already in use
		at java.base/sun.nio.ch.Net.bind0(Native Method)
		at java.base/sun.nio.ch.Net.bind(Net.java:522)
		at java.base/sun.nio.ch.ServerSocketChannelImpl.netBind(ServerSocketChannelImpl.java:335)
		at java.base/sun.nio.ch.ServerSocketChannelImpl.bind(ServerSocketChannelImpl.java:297)
		at org.apache.tomcat.util.net.NioEndpoint.initServerSocket(NioEndpoint.java:298)
		at org.apache.tomcat.util.net.NioEndpoint.bind(NioEndpoint.java:253)
		at org.apache.tomcat.util.net.AbstractEndpoint.bindWithCleanup(AbstractEndpoint.java:1465)
		at org.apache.tomcat.util.net.AbstractEndpoint.init(AbstractEndpoint.java:1478)
		at org.apache.coyote.AbstractProtocol.init(AbstractProtocol.java:663)
		at org.apache.coyote.http11.AbstractHttp11Protocol.init(AbstractHttp11Protocol.java:80)
		at org.apache.catalina.connector.Connector.initInternal(Connector.java:1070)
		... 11 more
01-Jun-2026 10:09:37.102 INFO [main] org.apache.catalina.startup.Catalina.load Server initialization in [1021] milliseconds
01-Jun-2026 10:09:37.145 INFO [main] org.apache.catalina.core.StandardService.startInternal Starting service [Catalina]
01-Jun-2026 10:09:37.145 INFO [main] org.apache.catalina.core.StandardEngine.startInternal Starting Servlet engine: [Apache Tomcat/9.0.108]
01-Jun-2026 10:09:37.163 INFO [main] org.apache.catalina.startup.HostConfig.deployWAR Deploying web application archive [/workspaces/Cuoi_ki/WEB chuyển đổi/apache-tomcat-9.0.108/webapps/ROOT.war]
01-Jun-2026 10:09:38.258 INFO [main] org.apache.jasper.servlet.TldScanner.scanJars At least one JAR was scanned for TLDs yet contained no TLDs. Enable debug logging for this logger for a complete list of JARs that were scanned but no TLDs were found in them. Skipping unneeded JARs during scanning can improve startup time and JSP compilation time.
01-Jun-2026 10:09:38.324 INFO [main] org.apache.catalina.startup.HostConfig.deployWAR Deployment of web application archive [/workspaces/Cuoi_ki/WEB chuyển đổi/apache-tomcat-9.0.108/webapps/ROOT.war] has finished in [1,158] ms
01-Jun-2026 10:09:38.332 INFO [main] org.apache.catalina.startup.HostConfig.deployWAR Deploying web application archive [/workspaces/Cuoi_ki/WEB chuyển đổi/apache-tomcat-9.0.108/webapps/webchuyendoi-1.0.war]
01-Jun-2026 10:09:38.437 INFO [main] org.apache.catalina.startup.HostConfig.deployWAR Deployment of web application archive [/workspaces/Cuoi_ki/WEB chuyển đổi/apache-tomcat-9.0.108/webapps/webchuyendoi-1.0.war] has finished in [103] ms
01-Jun-2026 10:09:38.442 INFO [main] org.apache.catalina.startup.HostConfig.deployDirectory Deploying web application directory [/workspaces/Cuoi_ki/WEB chuyển đổi/apache-tomcat-9.0.108/webapps/host-manager]
01-Jun-2026 10:09:38.647 INFO [main] org.apache.catalina.startup.HostConfig.deployDirectory Deployment of web application directory [/workspaces/Cuoi_ki/WEB chuyển đổi/apache-tomcat-9.0.108/webapps/host-manager] has finished in [205] ms
01-Jun-2026 10:09:38.650 INFO [main] org.apache.catalina.startup.HostConfig.deployDirectory Deploying web application directory [/workspaces/Cuoi_ki/WEB chuyển đổi/apache-tomcat-9.0.108/webapps/examples]
01-Jun-2026 10:09:39.128 INFO [main] org.apache.catalina.startup.HostConfig.deployDirectory Deployment of web application directory [/workspaces/Cuoi_ki/WEB chuyển đổi/apache-tomcat-9.0.108/webapps/examples] has finished in [479] ms
01-Jun-2026 10:09:39.128 INFO [main] org.apache.catalina.startup.HostConfig.deployDirectory Deploying web application directory [/workspaces/Cuoi_ki/WEB chuyển đổi/apache-tomcat-9.0.108/webapps/docs]
01-Jun-2026 10:09:39.162 INFO [main] org.apache.catalina.startup.HostConfig.deployDirectory Deployment of web application directory [/workspaces/Cuoi_ki/WEB chuyển đổi/apache-tomcat-9.0.108/webapps/docs] has finished in [34] ms
01-Jun-2026 10:09:39.163 INFO [main] org.apache.catalina.startup.HostConfig.deployDirectory Deploying web application directory [/workspaces/Cuoi_ki/WEB chuyển đổi/apache-tomcat-9.0.108/webapps/manager]
01-Jun-2026 10:09:39.204 INFO [main] org.apache.catalina.startup.HostConfig.deployDirectory Deployment of web application directory [/workspaces/Cuoi_ki/WEB chuyển đổi/apache-tomcat-9.0.108/webapps/manager] has finished in [41] ms
01-Jun-2026 10:09:39.214 INFO [main] org.apache.catalina.startup.Catalina.start Server startup in [2109] milliseconds
01-Jun-2026 10:09:39.235 SEVERE [main] org.apache.catalina.core.StandardServer.await Failed to create server shutdown socket on address [localhost] and port [8005] (base port [8005] and offset [0])
	java.net.BindException: Address already in use
		at java.base/sun.nio.ch.Net.bind0(Native Method)
		at java.base/sun.nio.ch.Net.bind(Net.java:522)
		at java.base/sun.nio.ch.Net.bind(Net.java:511)
		at java.base/sun.nio.ch.NioSocketImpl.bind(NioSocketImpl.java:641)
		at java.base/java.net.ServerSocket.bind(ServerSocket.java:326)
		at java.base/java.net.ServerSocket.<init>(ServerSocket.java:222)
		at org.apache.catalina.core.StandardServer.await(StandardServer.java:537)
		at org.apache.catalina.startup.Catalina.await(Catalina.java:829)
		at org.apache.catalina.startup.Catalina.start(Catalina.java:777)
		at java.base/jdk.internal.reflect.DirectMethodHandleAccessor.invoke(DirectMethodHandleAccessor.java:104)
		at java.base/java.lang.reflect.Method.invoke(Method.java:565)
		at org.apache.catalina.startup.Bootstrap.start(Bootstrap.java:345)
		at org.apache.catalina.startup.Bootstrap.main(Bootstrap.java:476)
01-Jun-2026 10:09:39.236 INFO [main] org.apache.coyote.AbstractProtocol.pause Pausing ProtocolHandler ["http-nio-8080"]
01-Jun-2026 10:09:39.237 INFO [main] org.apache.catalina.core.StandardService.stopInternal Stopping service [Catalina]
01-Jun-2026 10:09:39.258 INFO [main] org.apache.coyote.AbstractProtocol.stop Stopping ProtocolHandler ["http-nio-8080"]
01-Jun-2026 10:09:39.260 INFO [main] org.apache.coyote.AbstractProtocol.destroy Destroying ProtocolHandler ["http-nio-8080"]
01-Jun-2026 10:59:26.779 INFO [main] org.apache.catalina.startup.VersionLoggerListener.log Server version name:   Apache Tomcat/9.0.108
01-Jun-2026 10:59:26.798 INFO [main] org.apache.catalina.startup.VersionLoggerListener.log Server built:          Jul 31 2025 18:19:48 UTC
01-Jun-2026 10:59:26.799 INFO [main] org.apache.catalina.startup.VersionLoggerListener.log Server version number: 9.0.108.0
01-Jun-2026 10:59:26.799 INFO [main] org.apache.catalina.startup.VersionLoggerListener.log OS Name:               Linux
01-Jun-2026 10:59:26.799 INFO [main] org.apache.catalina.startup.VersionLoggerListener.log OS Version:            6.8.0-1052-azure
01-Jun-2026 10:59:26.800 INFO [main] org.apache.catalina.startup.VersionLoggerListener.log Architecture:          amd64
01-Jun-2026 10:59:26.803 INFO [main] org.apache.catalina.startup.VersionLoggerListener.log Java Home:             /usr/local/sdkman/candidates/java/25.0.2-ms
01-Jun-2026 10:59:26.803 INFO [main] org.apache.catalina.startup.VersionLoggerListener.log JVM Version:           25.0.2+10-LTS
01-Jun-2026 10:59:26.803 INFO [main] org.apache.catalina.startup.VersionLoggerListener.log JVM Vendor:            Microsoft
01-Jun-2026 10:59:26.808 INFO [main] org.apache.catalina.startup.VersionLoggerListener.log CATALINA_BASE:         /workspaces/Cuoi_ki/WEB chuyển đổi/apache-tomcat-9.0.108
01-Jun-2026 10:59:26.815 INFO [main] org.apache.catalina.startup.VersionLoggerListener.log CATALINA_HOME:         /workspaces/Cuoi_ki/WEB chuyển đổi/apache-tomcat-9.0.108
01-Jun-2026 10:59:26.837 INFO [main] org.apache.catalina.startup.VersionLoggerListener.log Command line argument: --add-opens=java.base/java.lang=ALL-UNNAMED
01-Jun-2026 10:59:26.837 INFO [main] org.apache.catalina.startup.VersionLoggerListener.log Command line argument: --add-opens=java.base/java.lang.invoke=ALL-UNNAMED
01-Jun-2026 10:59:26.837 INFO [main] org.apache.catalina.startup.VersionLoggerListener.log Command line argument: --add-opens=java.base/java.lang.reflect=ALL-UNNAMED
01-Jun-2026 10:59:26.839 INFO [main] org.apache.catalina.startup.VersionLoggerListener.log Command line argument: --add-opens=java.base/java.io=ALL-UNNAMED
01-Jun-2026 10:59:26.841 INFO [main] org.apache.catalina.startup.VersionLoggerListener.log Command line argument: --add-opens=java.base/java.util=ALL-UNNAMED
01-Jun-2026 10:59:26.842 INFO [main] org.apache.catalina.startup.VersionLoggerListener.log Command line argument: --add-opens=java.base/java.util.concurrent=ALL-UNNAMED
01-Jun-2026 10:59:26.842 INFO [main] org.apache.catalina.startup.VersionLoggerListener.log Command line argument: --add-opens=java.rmi/sun.rmi.transport=ALL-UNNAMED
01-Jun-2026 10:59:26.842 INFO [main] org.apache.catalina.startup.VersionLoggerListener.log Command line argument: -Djava.util.logging.config.file=/workspaces/Cuoi_ki/WEB chuyển đổi/apache-tomcat-9.0.108/conf/logging.properties
01-Jun-2026 10:59:26.842 INFO [main] org.apache.catalina.startup.VersionLoggerListener.log Command line argument: -Djava.util.logging.manager=org.apache.juli.ClassLoaderLogManager
01-Jun-2026 10:59:26.842 INFO [main] org.apache.catalina.startup.VersionLoggerListener.log Command line argument: -Djdk.tls.ephemeralDHKeySize=2048
01-Jun-2026 10:59:26.842 INFO [main] org.apache.catalina.startup.VersionLoggerListener.log Command line argument: -Djava.protocol.handler.pkgs=org.apache.catalina.webresources
01-Jun-2026 10:59:26.842 INFO [main] org.apache.catalina.startup.VersionLoggerListener.log Command line argument: -Dsun.io.useCanonCaches=false
01-Jun-2026 10:59:26.842 INFO [main] org.apache.catalina.startup.VersionLoggerListener.log Command line argument: -Dorg.apache.catalina.security.SecurityListener.UMASK=0027
01-Jun-2026 10:59:26.842 INFO [main] org.apache.catalina.startup.VersionLoggerListener.log Command line argument: -Dignore.endorsed.dirs=
01-Jun-2026 10:59:26.843 INFO [main] org.apache.catalina.startup.VersionLoggerListener.log Command line argument: -Dcatalina.base=/workspaces/Cuoi_ki/WEB chuyển đổi/apache-tomcat-9.0.108
01-Jun-2026 10:59:26.843 INFO [main] org.apache.catalina.startup.VersionLoggerListener.log Command line argument: -Dcatalina.home=/workspaces/Cuoi_ki/WEB chuyển đổi/apache-tomcat-9.0.108
01-Jun-2026 10:59:26.843 INFO [main] org.apache.catalina.startup.VersionLoggerListener.log Command line argument: -Djava.io.tmpdir=/workspaces/Cuoi_ki/WEB chuyển đổi/apache-tomcat-9.0.108/temp
01-Jun-2026 10:59:26.859 INFO [main] org.apache.catalina.core.AprLifecycleListener.lifecycleEvent The Apache Tomcat Native library which allows using OpenSSL was not found on the java.library.path: [/usr/java/packages/lib:/usr/lib64:/lib64:/lib:/usr/lib]
01-Jun-2026 10:59:30.269 INFO [main] org.apache.coyote.AbstractProtocol.init Initializing ProtocolHandler ["http-nio-8080"]
01-Jun-2026 10:59:30.460 INFO [main] org.apache.catalina.startup.Catalina.load Server initialization in [5164] milliseconds
01-Jun-2026 10:59:30.931 INFO [main] org.apache.catalina.core.StandardService.startInternal Starting service [Catalina]
01-Jun-2026 10:59:30.937 INFO [main] org.apache.catalina.core.StandardEngine.startInternal Starting Servlet engine: [Apache Tomcat/9.0.108]
01-Jun-2026 10:59:31.148 INFO [main] org.apache.catalina.startup.HostConfig.deployWAR Deploying web application archive [/workspaces/Cuoi_ki/WEB chuyển đổi/apache-tomcat-9.0.108/webapps/ROOT.war]
01-Jun-2026 10:59:33.866 INFO [main] org.apache.jasper.servlet.TldScanner.scanJars At least one JAR was scanned for TLDs yet contained no TLDs. Enable debug logging for this logger for a complete list of JARs that were scanned but no TLDs were found in them. Skipping unneeded JARs during scanning can improve startup time and JSP compilation time.
01-Jun-2026 10:59:34.086 INFO [main] org.apache.catalina.startup.HostConfig.deployWAR Deployment of web application archive [/workspaces/Cuoi_ki/WEB chuyển đổi/apache-tomcat-9.0.108/webapps/ROOT.war] has finished in [2,934] ms
01-Jun-2026 10:59:34.111 INFO [main] org.apache.catalina.startup.HostConfig.deployWAR Deploying web application archive [/workspaces/Cuoi_ki/WEB chuyển đổi/apache-tomcat-9.0.108/webapps/webchuyendoi-1.0.war]
01-Jun-2026 10:59:34.207 INFO [main] org.apache.catalina.startup.HostConfig.deployWAR Deployment of web application archive [/workspaces/Cuoi_ki/WEB chuyển đổi/apache-tomcat-9.0.108/webapps/webchuyendoi-1.0.war] has finished in [96] ms
01-Jun-2026 10:59:34.211 INFO [main] org.apache.catalina.startup.HostConfig.deployDirectory Deploying web application directory [/workspaces/Cuoi_ki/WEB chuyển đổi/apache-tomcat-9.0.108/webapps/host-manager]
01-Jun-2026 10:59:34.546 INFO [main] org.apache.catalina.startup.HostConfig.deployDirectory Deployment of web application directory [/workspaces/Cuoi_ki/WEB chuyển đổi/apache-tomcat-9.0.108/webapps/host-manager] has finished in [335] ms
01-Jun-2026 10:59:34.547 INFO [main] org.apache.catalina.startup.HostConfig.deployDirectory Deploying web application directory [/workspaces/Cuoi_ki/WEB chuyển đổi/apache-tomcat-9.0.108/webapps/examples]
01-Jun-2026 10:59:35.876 INFO [main] org.apache.catalina.startup.HostConfig.deployDirectory Deployment of web application directory [/workspaces/Cuoi_ki/WEB chuyển đổi/apache-tomcat-9.0.108/webapps/examples] has finished in [1,329] ms
01-Jun-2026 10:59:35.880 INFO [main] org.apache.catalina.startup.HostConfig.deployDirectory Deploying web application directory [/workspaces/Cuoi_ki/WEB chuyển đổi/apache-tomcat-9.0.108/webapps/docs]
01-Jun-2026 10:59:35.957 INFO [main] org.apache.catalina.startup.HostConfig.deployDirectory Deployment of web application directory [/workspaces/Cuoi_ki/WEB chuyển đổi/apache-tomcat-9.0.108/webapps/docs] has finished in [77] ms
01-Jun-2026 10:59:35.958 INFO [main] org.apache.catalina.startup.HostConfig.deployDirectory Deploying web application directory [/workspaces/Cuoi_ki/WEB chuyển đổi/apache-tomcat-9.0.108/webapps/manager]
01-Jun-2026 10:59:36.025 INFO [main] org.apache.catalina.startup.HostConfig.deployDirectory Deployment of web application directory [/workspaces/Cuoi_ki/WEB chuyển đổi/apache-tomcat-9.0.108/webapps/manager] has finished in [67] ms
01-Jun-2026 10:59:36.041 INFO [main] org.apache.coyote.AbstractProtocol.start Starting ProtocolHandler ["http-nio-8080"]
01-Jun-2026 10:59:36.091 INFO [main] org.apache.catalina.startup.Catalina.start Server startup in [5616] milliseconds
01-Jun-2026 11:11:45.455 INFO [main] org.apache.catalina.startup.VersionLoggerListener.log Server version name:   Apache Tomcat/9.0.108
01-Jun-2026 11:11:45.467 INFO [main] org.apache.catalina.startup.VersionLoggerListener.log Server built:          Jul 31 2025 18:19:48 UTC
01-Jun-2026 11:11:45.468 INFO [main] org.apache.catalina.startup.VersionLoggerListener.log Server version number: 9.0.108.0
01-Jun-2026 11:11:45.468 INFO [main] org.apache.catalina.startup.VersionLoggerListener.log OS Name:               Linux
01-Jun-2026 11:11:45.468 INFO [main] org.apache.catalina.startup.VersionLoggerListener.log OS Version:            6.8.0-1052-azure
01-Jun-2026 11:11:45.468 INFO [main] org.apache.catalina.startup.VersionLoggerListener.log Architecture:          amd64
01-Jun-2026 11:11:45.471 INFO [main] org.apache.catalina.startup.VersionLoggerListener.log Java Home:             /usr/local/sdkman/candidates/java/25.0.2-ms
01-Jun-2026 11:11:45.471 INFO [main] org.apache.catalina.startup.VersionLoggerListener.log JVM Version:           25.0.2+10-LTS
01-Jun-2026 11:11:45.471 INFO [main] org.apache.catalina.startup.VersionLoggerListener.log JVM Vendor:            Microsoft
01-Jun-2026 11:11:45.473 INFO [main] org.apache.catalina.startup.VersionLoggerListener.log CATALINA_BASE:         /workspaces/Cuoi_ki/WEB chuyển đổi/apache-tomcat-9.0.108
01-Jun-2026 11:11:45.476 INFO [main] org.apache.catalina.startup.VersionLoggerListener.log CATALINA_HOME:         /workspaces/Cuoi_ki/WEB chuyển đổi/apache-tomcat-9.0.108
01-Jun-2026 11:11:45.520 INFO [main] org.apache.catalina.startup.VersionLoggerListener.log Command line argument: --add-opens=java.base/java.lang=ALL-UNNAMED
01-Jun-2026 11:11:45.525 INFO [main] org.apache.catalina.startup.VersionLoggerListener.log Command line argument: --add-opens=java.base/java.lang.invoke=ALL-UNNAMED
01-Jun-2026 11:11:45.526 INFO [main] org.apache.catalina.startup.VersionLoggerListener.log Command line argument: --add-opens=java.base/java.lang.reflect=ALL-UNNAMED
01-Jun-2026 11:11:45.527 INFO [main] org.apache.catalina.startup.VersionLoggerListener.log Command line argument: --add-opens=java.base/java.io=ALL-UNNAMED
01-Jun-2026 11:11:45.527 INFO [main] org.apache.catalina.startup.VersionLoggerListener.log Command line argument: --add-opens=java.base/java.util=ALL-UNNAMED
01-Jun-2026 11:11:45.527 INFO [main] org.apache.catalina.startup.VersionLoggerListener.log Command line argument: --add-opens=java.base/java.util.concurrent=ALL-UNNAMED
01-Jun-2026 11:11:45.527 INFO [main] org.apache.catalina.startup.VersionLoggerListener.log Command line argument: --add-opens=java.rmi/sun.rmi.transport=ALL-UNNAMED
01-Jun-2026 11:11:45.527 INFO [main] org.apache.catalina.startup.VersionLoggerListener.log Command line argument: -Djava.util.logging.config.file=/workspaces/Cuoi_ki/WEB chuyển đổi/apache-tomcat-9.0.108/conf/logging.properties
01-Jun-2026 11:11:45.532 INFO [main] org.apache.catalina.startup.VersionLoggerListener.log Command line argument: -Djava.util.logging.manager=org.apache.juli.ClassLoaderLogManager
01-Jun-2026 11:11:45.532 INFO [main] org.apache.catalina.startup.VersionLoggerListener.log Command line argument: -Djdk.tls.ephemeralDHKeySize=2048
01-Jun-2026 11:11:45.533 INFO [main] org.apache.catalina.startup.VersionLoggerListener.log Command line argument: -Djava.protocol.handler.pkgs=org.apache.catalina.webresources
01-Jun-2026 11:11:45.533 INFO [main] org.apache.catalina.startup.VersionLoggerListener.log Command line argument: -Dsun.io.useCanonCaches=false
01-Jun-2026 11:11:45.533 INFO [main] org.apache.catalina.startup.VersionLoggerListener.log Command line argument: -Dorg.apache.catalina.security.SecurityListener.UMASK=0027
01-Jun-2026 11:11:45.533 INFO [main] org.apache.catalina.startup.VersionLoggerListener.log Command line argument: -Dignore.endorsed.dirs=
01-Jun-2026 11:11:45.534 INFO [main] org.apache.catalina.startup.VersionLoggerListener.log Command line argument: -Dcatalina.base=/workspaces/Cuoi_ki/WEB chuyển đổi/apache-tomcat-9.0.108
01-Jun-2026 11:11:45.534 INFO [main] org.apache.catalina.startup.VersionLoggerListener.log Command line argument: -Dcatalina.home=/workspaces/Cuoi_ki/WEB chuyển đổi/apache-tomcat-9.0.108
01-Jun-2026 11:11:45.535 INFO [main] org.apache.catalina.startup.VersionLoggerListener.log Command line argument: -Djava.io.tmpdir=/workspaces/Cuoi_ki/WEB chuyển đổi/apache-tomcat-9.0.108/temp
01-Jun-2026 11:11:45.594 INFO [main] org.apache.catalina.core.AprLifecycleListener.lifecycleEvent The Apache Tomcat Native library which allows using OpenSSL was not found on the java.library.path: [/usr/java/packages/lib:/usr/lib64:/lib64:/lib:/usr/lib]
01-Jun-2026 11:11:46.341 INFO [main] org.apache.coyote.AbstractProtocol.init Initializing ProtocolHandler ["http-nio-8080"]
01-Jun-2026 11:11:46.360 SEVERE [main] org.apache.catalina.util.LifecycleBase.handleSubClassException Failed to initialize component [Connector["http-nio-8080"]]
	org.apache.catalina.LifecycleException: Protocol handler initialization failed
		at org.apache.catalina.connector.Connector.initInternal(Connector.java:1072)
		at org.apache.catalina.util.LifecycleBase.init(LifecycleBase.java:122)
		at org.apache.catalina.core.StandardService.initInternal(StandardService.java:522)
		at org.apache.catalina.util.LifecycleBase.init(LifecycleBase.java:122)
		at org.apache.catalina.core.StandardServer.initInternal(StandardServer.java:986)
		at org.apache.catalina.util.LifecycleBase.init(LifecycleBase.java:122)
		at org.apache.catalina.startup.Catalina.load(Catalina.java:690)
		at org.apache.catalina.startup.Catalina.load(Catalina.java:713)
		at java.base/jdk.internal.reflect.DirectMethodHandleAccessor.invoke(DirectMethodHandleAccessor.java:104)
		at java.base/java.lang.reflect.Method.invoke(Method.java:565)
		at org.apache.catalina.startup.Bootstrap.load(Bootstrap.java:302)
		at org.apache.catalina.startup.Bootstrap.main(Bootstrap.java:475)
	Caused by: java.net.BindException: Address already in use
		at java.base/sun.nio.ch.Net.bind0(Native Method)
		at java.base/sun.nio.ch.Net.bind(Net.java:522)
		at java.base/sun.nio.ch.ServerSocketChannelImpl.netBind(ServerSocketChannelImpl.java:335)
		at java.base/sun.nio.ch.ServerSocketChannelImpl.bind(ServerSocketChannelImpl.java:297)
		at org.apache.tomcat.util.net.NioEndpoint.initServerSocket(NioEndpoint.java:298)
		at org.apache.tomcat.util.net.NioEndpoint.bind(NioEndpoint.java:253)
		at org.apache.tomcat.util.net.AbstractEndpoint.bindWithCleanup(AbstractEndpoint.java:1465)
		at org.apache.tomcat.util.net.AbstractEndpoint.init(AbstractEndpoint.java:1478)
		at org.apache.coyote.AbstractProtocol.init(AbstractProtocol.java:663)
		at org.apache.coyote.http11.AbstractHttp11Protocol.init(AbstractHttp11Protocol.java:80)
		at org.apache.catalina.connector.Connector.initInternal(Connector.java:1070)
		... 11 more
01-Jun-2026 11:11:46.362 INFO [main] org.apache.catalina.startup.Catalina.load Server initialization in [1665] milliseconds
01-Jun-2026 11:11:46.422 INFO [main] org.apache.catalina.core.StandardService.startInternal Starting service [Catalina]
01-Jun-2026 11:11:46.426 INFO [main] org.apache.catalina.core.StandardEngine.startInternal Starting Servlet engine: [Apache Tomcat/9.0.108]
01-Jun-2026 11:11:46.446 INFO [main] org.apache.catalina.startup.HostConfig.deployWAR Deploying web application archive [/workspaces/Cuoi_ki/WEB chuyển đổi/apache-tomcat-9.0.108/webapps/ROOT.war]
01-Jun-2026 11:11:47.231 INFO [main] org.apache.jasper.servlet.TldScanner.scanJars At least one JAR was scanned for TLDs yet contained no TLDs. Enable debug logging for this logger for a complete list of JARs that were scanned but no TLDs were found in them. Skipping unneeded JARs during scanning can improve startup time and JSP compilation time.
01-Jun-2026 11:11:47.285 INFO [main] org.apache.catalina.startup.HostConfig.deployWAR Deployment of web application archive [/workspaces/Cuoi_ki/WEB chuyển đổi/apache-tomcat-9.0.108/webapps/ROOT.war] has finished in [837] ms
01-Jun-2026 11:11:47.291 INFO [main] org.apache.catalina.startup.HostConfig.deployWAR Deploying web application archive [/workspaces/Cuoi_ki/WEB chuyển đổi/apache-tomcat-9.0.108/webapps/webchuyendoi-1.0.war]
01-Jun-2026 11:11:47.343 INFO [main] org.apache.catalina.startup.HostConfig.deployWAR Deployment of web application archive [/workspaces/Cuoi_ki/WEB chuyển đổi/apache-tomcat-9.0.108/webapps/webchuyendoi-1.0.war] has finished in [51] ms
01-Jun-2026 11:11:47.346 INFO [main] org.apache.catalina.startup.HostConfig.deployDirectory Deploying web application directory [/workspaces/Cuoi_ki/WEB chuyển đổi/apache-tomcat-9.0.108/webapps/host-manager]
01-Jun-2026 11:11:47.419 INFO [main] org.apache.catalina.startup.HostConfig.deployDirectory Deployment of web application directory [/workspaces/Cuoi_ki/WEB chuyển đổi/apache-tomcat-9.0.108/webapps/host-manager] has finished in [73] ms
01-Jun-2026 11:11:47.420 INFO [main] org.apache.catalina.startup.HostConfig.deployDirectory Deploying web application directory [/workspaces/Cuoi_ki/WEB chuyển đổi/apache-tomcat-9.0.108/webapps/examples]
01-Jun-2026 11:11:47.770 INFO [main] org.apache.catalina.startup.HostConfig.deployDirectory Deployment of web application directory [/workspaces/Cuoi_ki/WEB chuyển đổi/apache-tomcat-9.0.108/webapps/examples] has finished in [350] ms
01-Jun-2026 11:11:47.771 INFO [main] org.apache.catalina.startup.HostConfig.deployDirectory Deploying web application directory [/workspaces/Cuoi_ki/WEB chuyển đổi/apache-tomcat-9.0.108/webapps/docs]
01-Jun-2026 11:11:47.843 INFO [main] org.apache.catalina.startup.HostConfig.deployDirectory Deployment of web application directory [/workspaces/Cuoi_ki/WEB chuyển đổi/apache-tomcat-9.0.108/webapps/docs] has finished in [72] ms
01-Jun-2026 11:11:47.843 INFO [main] org.apache.catalina.startup.HostConfig.deployDirectory Deploying web application directory [/workspaces/Cuoi_ki/WEB chuyển đổi/apache-tomcat-9.0.108/webapps/manager]
01-Jun-2026 11:11:47.883 INFO [main] org.apache.catalina.startup.HostConfig.deployDirectory Deployment of web application directory [/workspaces/Cuoi_ki/WEB chuyển đổi/apache-tomcat-9.0.108/webapps/manager] has finished in [39] ms
01-Jun-2026 11:11:47.891 INFO [main] org.apache.catalina.startup.Catalina.start Server startup in [1526] milliseconds
01-Jun-2026 11:11:47.899 SEVERE [main] org.apache.catalina.core.StandardServer.await Failed to create server shutdown socket on address [localhost] and port [8005] (base port [8005] and offset [0])
	java.net.BindException: Address already in use
		at java.base/sun.nio.ch.Net.bind0(Native Method)
		at java.base/sun.nio.ch.Net.bind(Net.java:522)
		at java.base/sun.nio.ch.Net.bind(Net.java:511)
		at java.base/sun.nio.ch.NioSocketImpl.bind(NioSocketImpl.java:641)
		at java.base/java.net.ServerSocket.bind(ServerSocket.java:326)
		at java.base/java.net.ServerSocket.<init>(ServerSocket.java:222)
		at org.apache.catalina.core.StandardServer.await(StandardServer.java:537)
		at org.apache.catalina.startup.Catalina.await(Catalina.java:829)
		at org.apache.catalina.startup.Catalina.start(Catalina.java:777)
		at java.base/jdk.internal.reflect.DirectMethodHandleAccessor.invoke(DirectMethodHandleAccessor.java:104)
		at java.base/java.lang.reflect.Method.invoke(Method.java:565)
		at org.apache.catalina.startup.Bootstrap.start(Bootstrap.java:345)
		at org.apache.catalina.startup.Bootstrap.main(Bootstrap.java:476)
01-Jun-2026 11:11:47.899 INFO [main] org.apache.coyote.AbstractProtocol.pause Pausing ProtocolHandler ["http-nio-8080"]
01-Jun-2026 11:11:47.900 INFO [main] org.apache.catalina.core.StandardService.stopInternal Stopping service [Catalina]
01-Jun-2026 11:11:47.927 INFO [main] org.apache.coyote.AbstractProtocol.stop Stopping ProtocolHandler ["http-nio-8080"]
01-Jun-2026 11:11:47.929 INFO [main] org.apache.coyote.AbstractProtocol.destroy Destroying ProtocolHandler ["http-nio-8080"]
01-Jun-2026 11:42:36.468 INFO [Catalina-utility-1] org.apache.catalina.startup.HostConfig.undeploy Undeploying context []
01-Jun-2026 11:42:36.544 WARNING [Catalina-utility-1] org.apache.catalina.loader.WebappClassLoaderBase.clearReferencesJdbc The web application [ROOT] registered the JDBC driver [com.microsoft.sqlserver.jdbc.SQLServerDriver] but failed to unregister it when the web application was stopped. To prevent a memory leak, the JDBC Driver has been forcibly unregistered.
01-Jun-2026 11:42:36.577 INFO [Catalina-utility-1] org.apache.catalina.startup.HostConfig.deployWAR Deploying web application archive [/workspaces/Cuoi_ki/WEB chuyển đổi/apache-tomcat-9.0.108/webapps/ROOT.war]
01-Jun-2026 11:42:36.791 INFO [Catalina-utility-1] org.apache.jasper.servlet.TldScanner.scanJars At least one JAR was scanned for TLDs yet contained no TLDs. Enable debug logging for this logger for a complete list of JARs that were scanned but no TLDs were found in them. Skipping unneeded JARs during scanning can improve startup time and JSP compilation time.
01-Jun-2026 11:42:36.795 INFO [Catalina-utility-1] org.apache.catalina.startup.HostConfig.deployWAR Deployment of web application archive [/workspaces/Cuoi_ki/WEB chuyển đổi/apache-tomcat-9.0.108/webapps/ROOT.war] has finished in [218] ms
01-Jun-2026 11:43:08.093 INFO [main] org.apache.catalina.startup.VersionLoggerListener.log Server version name:   Apache Tomcat/9.0.108
01-Jun-2026 11:43:08.097 INFO [main] org.apache.catalina.startup.VersionLoggerListener.log Server built:          Jul 31 2025 18:19:48 UTC
01-Jun-2026 11:43:08.099 INFO [main] org.apache.catalina.startup.VersionLoggerListener.log Server version number: 9.0.108.0
01-Jun-2026 11:43:08.099 INFO [main] org.apache.catalina.startup.VersionLoggerListener.log OS Name:               Linux
01-Jun-2026 11:43:08.099 INFO [main] org.apache.catalina.startup.VersionLoggerListener.log OS Version:            6.8.0-1052-azure
01-Jun-2026 11:43:08.100 INFO [main] org.apache.catalina.startup.VersionLoggerListener.log Architecture:          amd64
01-Jun-2026 11:43:08.100 INFO [main] org.apache.catalina.startup.VersionLoggerListener.log Java Home:             /usr/local/sdkman/candidates/java/25.0.2-ms
01-Jun-2026 11:43:08.101 INFO [main] org.apache.catalina.startup.VersionLoggerListener.log JVM Version:           25.0.2+10-LTS
01-Jun-2026 11:43:08.101 INFO [main] org.apache.catalina.startup.VersionLoggerListener.log JVM Vendor:            Microsoft
01-Jun-2026 11:43:08.103 INFO [main] org.apache.catalina.startup.VersionLoggerListener.log CATALINA_BASE:         /workspaces/Cuoi_ki/WEB chuyển đổi/apache-tomcat-9.0.108
01-Jun-2026 11:43:08.103 INFO [main] org.apache.catalina.startup.VersionLoggerListener.log CATALINA_HOME:         /workspaces/Cuoi_ki/WEB chuyển đổi/apache-tomcat-9.0.108
01-Jun-2026 11:43:08.121 INFO [main] org.apache.catalina.startup.VersionLoggerListener.log Command line argument: --add-opens=java.base/java.lang=ALL-UNNAMED
01-Jun-2026 11:43:08.122 INFO [main] org.apache.catalina.startup.VersionLoggerListener.log Command line argument: --add-opens=java.base/java.lang.invoke=ALL-UNNAMED
01-Jun-2026 11:43:08.122 INFO [main] org.apache.catalina.startup.VersionLoggerListener.log Command line argument: --add-opens=java.base/java.lang.reflect=ALL-UNNAMED
01-Jun-2026 11:43:08.122 INFO [main] org.apache.catalina.startup.VersionLoggerListener.log Command line argument: --add-opens=java.base/java.io=ALL-UNNAMED
01-Jun-2026 11:43:08.122 INFO [main] org.apache.catalina.startup.VersionLoggerListener.log Command line argument: --add-opens=java.base/java.util=ALL-UNNAMED
01-Jun-2026 11:43:08.123 INFO [main] org.apache.catalina.startup.VersionLoggerListener.log Command line argument: --add-opens=java.base/java.util.concurrent=ALL-UNNAMED
01-Jun-2026 11:43:08.123 INFO [main] org.apache.catalina.startup.VersionLoggerListener.log Command line argument: --add-opens=java.rmi/sun.rmi.transport=ALL-UNNAMED
01-Jun-2026 11:43:08.123 INFO [main] org.apache.catalina.startup.VersionLoggerListener.log Command line argument: -Djava.util.logging.config.file=/workspaces/Cuoi_ki/WEB chuyển đổi/apache-tomcat-9.0.108/conf/logging.properties
01-Jun-2026 11:43:08.124 INFO [main] org.apache.catalina.startup.VersionLoggerListener.log Command line argument: -Djava.util.logging.manager=org.apache.juli.ClassLoaderLogManager
01-Jun-2026 11:43:08.124 INFO [main] org.apache.catalina.startup.VersionLoggerListener.log Command line argument: -Djdk.tls.ephemeralDHKeySize=2048
01-Jun-2026 11:43:08.124 INFO [main] org.apache.catalina.startup.VersionLoggerListener.log Command line argument: -Djava.protocol.handler.pkgs=org.apache.catalina.webresources
01-Jun-2026 11:43:08.124 INFO [main] org.apache.catalina.startup.VersionLoggerListener.log Command line argument: -Dsun.io.useCanonCaches=false
01-Jun-2026 11:43:08.124 INFO [main] org.apache.catalina.startup.VersionLoggerListener.log Command line argument: -Dorg.apache.catalina.security.SecurityListener.UMASK=0027
01-Jun-2026 11:43:08.125 INFO [main] org.apache.catalina.startup.VersionLoggerListener.log Command line argument: -Dignore.endorsed.dirs=
01-Jun-2026 11:43:08.125 INFO [main] org.apache.catalina.startup.VersionLoggerListener.log Command line argument: -Dcatalina.base=/workspaces/Cuoi_ki/WEB chuyển đổi/apache-tomcat-9.0.108
01-Jun-2026 11:43:08.125 INFO [main] org.apache.catalina.startup.VersionLoggerListener.log Command line argument: -Dcatalina.home=/workspaces/Cuoi_ki/WEB chuyển đổi/apache-tomcat-9.0.108
01-Jun-2026 11:43:08.125 INFO [main] org.apache.catalina.startup.VersionLoggerListener.log Command line argument: -Djava.io.tmpdir=/workspaces/Cuoi_ki/WEB chuyển đổi/apache-tomcat-9.0.108/temp
01-Jun-2026 11:43:08.129 INFO [main] org.apache.catalina.core.AprLifecycleListener.lifecycleEvent The Apache Tomcat Native library which allows using OpenSSL was not found on the java.library.path: [/usr/java/packages/lib:/usr/lib64:/lib64:/lib:/usr/lib]
01-Jun-2026 11:43:09.001 INFO [main] org.apache.coyote.AbstractProtocol.init Initializing ProtocolHandler ["http-nio-8080"]
01-Jun-2026 11:43:09.025 SEVERE [main] org.apache.catalina.util.LifecycleBase.handleSubClassException Failed to initialize component [Connector["http-nio-8080"]]
	org.apache.catalina.LifecycleException: Protocol handler initialization failed
		at org.apache.catalina.connector.Connector.initInternal(Connector.java:1072)
		at org.apache.catalina.util.LifecycleBase.init(LifecycleBase.java:122)
		at org.apache.catalina.core.StandardService.initInternal(StandardService.java:522)
		at org.apache.catalina.util.LifecycleBase.init(LifecycleBase.java:122)
		at org.apache.catalina.core.StandardServer.initInternal(StandardServer.java:986)
		at org.apache.catalina.util.LifecycleBase.init(LifecycleBase.java:122)
		at org.apache.catalina.startup.Catalina.load(Catalina.java:690)
		at org.apache.catalina.startup.Catalina.load(Catalina.java:713)
		at java.base/jdk.internal.reflect.DirectMethodHandleAccessor.invoke(DirectMethodHandleAccessor.java:104)
		at java.base/java.lang.reflect.Method.invoke(Method.java:565)
		at org.apache.catalina.startup.Bootstrap.load(Bootstrap.java:302)
		at org.apache.catalina.startup.Bootstrap.main(Bootstrap.java:475)
	Caused by: java.net.BindException: Address already in use
		at java.base/sun.nio.ch.Net.bind0(Native Method)
		at java.base/sun.nio.ch.Net.bind(Net.java:522)
		at java.base/sun.nio.ch.ServerSocketChannelImpl.netBind(ServerSocketChannelImpl.java:335)
		at java.base/sun.nio.ch.ServerSocketChannelImpl.bind(ServerSocketChannelImpl.java:297)
		at org.apache.tomcat.util.net.NioEndpoint.initServerSocket(NioEndpoint.java:298)
		at org.apache.tomcat.util.net.NioEndpoint.bind(NioEndpoint.java:253)
		at org.apache.tomcat.util.net.AbstractEndpoint.bindWithCleanup(AbstractEndpoint.java:1465)
		at org.apache.tomcat.util.net.AbstractEndpoint.init(AbstractEndpoint.java:1478)
		at org.apache.coyote.AbstractProtocol.init(AbstractProtocol.java:663)
		at org.apache.coyote.http11.AbstractHttp11Protocol.init(AbstractHttp11Protocol.java:80)
		at org.apache.catalina.connector.Connector.initInternal(Connector.java:1070)
		... 11 more
01-Jun-2026 11:43:09.027 INFO [main] org.apache.catalina.startup.Catalina.load Server initialization in [1295] milliseconds
01-Jun-2026 11:43:09.093 INFO [main] org.apache.catalina.core.StandardService.startInternal Starting service [Catalina]
01-Jun-2026 11:43:09.094 INFO [main] org.apache.catalina.core.StandardEngine.startInternal Starting Servlet engine: [Apache Tomcat/9.0.108]
01-Jun-2026 11:43:09.114 INFO [main] org.apache.catalina.startup.HostConfig.deployWAR Deploying web application archive [/workspaces/Cuoi_ki/WEB chuyển đổi/apache-tomcat-9.0.108/webapps/ROOT.war]
01-Jun-2026 11:43:10.407 INFO [main] org.apache.jasper.servlet.TldScanner.scanJars At least one JAR was scanned for TLDs yet contained no TLDs. Enable debug logging for this logger for a complete list of JARs that were scanned but no TLDs were found in them. Skipping unneeded JARs during scanning can improve startup time and JSP compilation time.
01-Jun-2026 11:43:10.775 INFO [main] org.apache.catalina.startup.HostConfig.deployWAR Deployment of web application archive [/workspaces/Cuoi_ki/WEB chuyển đổi/apache-tomcat-9.0.108/webapps/ROOT.war] has finished in [1,657] ms
01-Jun-2026 11:43:10.795 INFO [main] org.apache.catalina.startup.HostConfig.deployWAR Deploying web application archive [/workspaces/Cuoi_ki/WEB chuyển đổi/apache-tomcat-9.0.108/webapps/webchuyendoi-1.0.war]
01-Jun-2026 11:43:10.904 INFO [main] org.apache.catalina.startup.HostConfig.deployWAR Deployment of web application archive [/workspaces/Cuoi_ki/WEB chuyển đổi/apache-tomcat-9.0.108/webapps/webchuyendoi-1.0.war] has finished in [109] ms
01-Jun-2026 11:43:10.908 INFO [main] org.apache.catalina.startup.HostConfig.deployDirectory Deploying web application directory [/workspaces/Cuoi_ki/WEB chuyển đổi/apache-tomcat-9.0.108/webapps/host-manager]
01-Jun-2026 11:43:11.071 INFO [main] org.apache.catalina.startup.HostConfig.deployDirectory Deployment of web application directory [/workspaces/Cuoi_ki/WEB chuyển đổi/apache-tomcat-9.0.108/webapps/host-manager] has finished in [164] ms
01-Jun-2026 11:43:11.072 INFO [main] org.apache.catalina.startup.HostConfig.deployDirectory Deploying web application directory [/workspaces/Cuoi_ki/WEB chuyển đổi/apache-tomcat-9.0.108/webapps/examples]
01-Jun-2026 11:43:11.694 INFO [main] org.apache.catalina.startup.HostConfig.deployDirectory Deployment of web application directory [/workspaces/Cuoi_ki/WEB chuyển đổi/apache-tomcat-9.0.108/webapps/examples] has finished in [621] ms
01-Jun-2026 11:43:11.697 INFO [main] org.apache.catalina.startup.HostConfig.deployDirectory Deploying web application directory [/workspaces/Cuoi_ki/WEB chuyển đổi/apache-tomcat-9.0.108/webapps/docs]
01-Jun-2026 11:43:11.778 INFO [main] org.apache.catalina.startup.HostConfig.deployDirectory Deployment of web application directory [/workspaces/Cuoi_ki/WEB chuyển đổi/apache-tomcat-9.0.108/webapps/docs] has finished in [82] ms
01-Jun-2026 11:43:11.779 INFO [main] org.apache.catalina.startup.HostConfig.deployDirectory Deploying web application directory [/workspaces/Cuoi_ki/WEB chuyển đổi/apache-tomcat-9.0.108/webapps/manager]
01-Jun-2026 11:43:11.842 INFO [main] org.apache.catalina.startup.HostConfig.deployDirectory Deployment of web application directory [/workspaces/Cuoi_ki/WEB chuyển đổi/apache-tomcat-9.0.108/webapps/manager] has finished in [63] ms
01-Jun-2026 11:43:11.860 INFO [main] org.apache.catalina.startup.Catalina.start Server startup in [2831] milliseconds
01-Jun-2026 11:43:11.885 SEVERE [main] org.apache.catalina.core.StandardServer.await Failed to create server shutdown socket on address [localhost] and port [8005] (base port [8005] and offset [0])
	java.net.BindException: Address already in use
		at java.base/sun.nio.ch.Net.bind0(Native Method)
		at java.base/sun.nio.ch.Net.bind(Net.java:522)
		at java.base/sun.nio.ch.Net.bind(Net.java:511)
		at java.base/sun.nio.ch.NioSocketImpl.bind(NioSocketImpl.java:641)
		at java.base/java.net.ServerSocket.bind(ServerSocket.java:326)
		at java.base/java.net.ServerSocket.<init>(ServerSocket.java:222)
		at org.apache.catalina.core.StandardServer.await(StandardServer.java:537)
		at org.apache.catalina.startup.Catalina.await(Catalina.java:829)
		at org.apache.catalina.startup.Catalina.start(Catalina.java:777)
		at java.base/jdk.internal.reflect.DirectMethodHandleAccessor.invoke(DirectMethodHandleAccessor.java:104)
		at java.base/java.lang.reflect.Method.invoke(Method.java:565)
		at org.apache.catalina.startup.Bootstrap.start(Bootstrap.java:345)
		at org.apache.catalina.startup.Bootstrap.main(Bootstrap.java:476)
01-Jun-2026 11:43:11.887 INFO [main] org.apache.coyote.AbstractProtocol.pause Pausing ProtocolHandler ["http-nio-8080"]
01-Jun-2026 11:43:11.889 INFO [main] org.apache.catalina.core.StandardService.stopInternal Stopping service [Catalina]
01-Jun-2026 11:43:11.942 INFO [main] org.apache.coyote.AbstractProtocol.stop Stopping ProtocolHandler ["http-nio-8080"]
01-Jun-2026 11:43:11.943 INFO [main] org.apache.coyote.AbstractProtocol.destroy Destroying ProtocolHandler ["http-nio-8080"]
01-Jun-2026 12:28:29.512 INFO [main] org.apache.catalina.startup.VersionLoggerListener.log Server version name:   Apache Tomcat/9.0.108
01-Jun-2026 12:28:29.521 INFO [main] org.apache.catalina.startup.VersionLoggerListener.log Server built:          Jul 31 2025 18:19:48 UTC
01-Jun-2026 12:28:29.525 INFO [main] org.apache.catalina.startup.VersionLoggerListener.log Server version number: 9.0.108.0
01-Jun-2026 12:28:29.528 INFO [main] org.apache.catalina.startup.VersionLoggerListener.log OS Name:               Linux
01-Jun-2026 12:28:29.529 INFO [main] org.apache.catalina.startup.VersionLoggerListener.log OS Version:            6.8.0-1052-azure
01-Jun-2026 12:28:29.529 INFO [main] org.apache.catalina.startup.VersionLoggerListener.log Architecture:          amd64
01-Jun-2026 12:28:29.529 INFO [main] org.apache.catalina.startup.VersionLoggerListener.log Java Home:             /usr/local/sdkman/candidates/java/25.0.2-ms
01-Jun-2026 12:28:29.530 INFO [main] org.apache.catalina.startup.VersionLoggerListener.log JVM Version:           25.0.2+10-LTS
01-Jun-2026 12:28:29.532 INFO [main] org.apache.catalina.startup.VersionLoggerListener.log JVM Vendor:            Microsoft
01-Jun-2026 12:28:29.533 INFO [main] org.apache.catalina.startup.VersionLoggerListener.log CATALINA_BASE:         /workspaces/Cuoi_ki/WEB chuyển đổi/apache-tomcat-9.0.108
01-Jun-2026 12:28:29.533 INFO [main] org.apache.catalina.startup.VersionLoggerListener.log CATALINA_HOME:         /workspaces/Cuoi_ki/WEB chuyển đổi/apache-tomcat-9.0.108
01-Jun-2026 12:28:29.570 INFO [main] org.apache.catalina.startup.VersionLoggerListener.log Command line argument: --add-opens=java.base/java.lang=ALL-UNNAMED
01-Jun-2026 12:28:29.571 INFO [main] org.apache.catalina.startup.VersionLoggerListener.log Command line argument: --add-opens=java.base/java.lang.invoke=ALL-UNNAMED
01-Jun-2026 12:28:29.571 INFO [main] org.apache.catalina.startup.VersionLoggerListener.log Command line argument: --add-opens=java.base/java.lang.reflect=ALL-UNNAMED
01-Jun-2026 12:28:29.571 INFO [main] org.apache.catalina.startup.VersionLoggerListener.log Command line argument: --add-opens=java.base/java.io=ALL-UNNAMED
01-Jun-2026 12:28:29.571 INFO [main] org.apache.catalina.startup.VersionLoggerListener.log Command line argument: --add-opens=java.base/java.util=ALL-UNNAMED
01-Jun-2026 12:28:29.571 INFO [main] org.apache.catalina.startup.VersionLoggerListener.log Command line argument: --add-opens=java.base/java.util.concurrent=ALL-UNNAMED
01-Jun-2026 12:28:29.571 INFO [main] org.apache.catalina.startup.VersionLoggerListener.log Command line argument: --add-opens=java.rmi/sun.rmi.transport=ALL-UNNAMED
01-Jun-2026 12:28:29.572 INFO [main] org.apache.catalina.startup.VersionLoggerListener.log Command line argument: -Djava.util.logging.config.file=/workspaces/Cuoi_ki/WEB chuyển đổi/apache-tomcat-9.0.108/conf/logging.properties
01-Jun-2026 12:28:29.572 INFO [main] org.apache.catalina.startup.VersionLoggerListener.log Command line argument: -Djava.util.logging.manager=org.apache.juli.ClassLoaderLogManager
01-Jun-2026 12:28:29.572 INFO [main] org.apache.catalina.startup.VersionLoggerListener.log Command line argument: -Djdk.tls.ephemeralDHKeySize=2048
01-Jun-2026 12:28:29.572 INFO [main] org.apache.catalina.startup.VersionLoggerListener.log Command line argument: -Djava.protocol.handler.pkgs=org.apache.catalina.webresources
01-Jun-2026 12:28:29.572 INFO [main] org.apache.catalina.startup.VersionLoggerListener.log Command line argument: -Dsun.io.useCanonCaches=false
01-Jun-2026 12:28:29.575 INFO [main] org.apache.catalina.startup.VersionLoggerListener.log Command line argument: -Dorg.apache.catalina.security.SecurityListener.UMASK=0027
01-Jun-2026 12:28:29.579 INFO [main] org.apache.catalina.startup.VersionLoggerListener.log Command line argument: -Dignore.endorsed.dirs=
01-Jun-2026 12:28:29.580 INFO [main] org.apache.catalina.startup.VersionLoggerListener.log Command line argument: -Dcatalina.base=/workspaces/Cuoi_ki/WEB chuyển đổi/apache-tomcat-9.0.108
01-Jun-2026 12:28:29.580 INFO [main] org.apache.catalina.startup.VersionLoggerListener.log Command line argument: -Dcatalina.home=/workspaces/Cuoi_ki/WEB chuyển đổi/apache-tomcat-9.0.108
01-Jun-2026 12:28:29.580 INFO [main] org.apache.catalina.startup.VersionLoggerListener.log Command line argument: -Djava.io.tmpdir=/workspaces/Cuoi_ki/WEB chuyển đổi/apache-tomcat-9.0.108/temp
01-Jun-2026 12:28:29.607 INFO [main] org.apache.catalina.core.AprLifecycleListener.lifecycleEvent The Apache Tomcat Native library which allows using OpenSSL was not found on the java.library.path: [/usr/java/packages/lib:/usr/lib64:/lib64:/lib:/usr/lib]
01-Jun-2026 12:28:30.218 INFO [main] org.apache.coyote.AbstractProtocol.init Initializing ProtocolHandler ["http-nio-8080"]
01-Jun-2026 12:28:30.244 SEVERE [main] org.apache.catalina.util.LifecycleBase.handleSubClassException Failed to initialize component [Connector["http-nio-8080"]]
	org.apache.catalina.LifecycleException: Protocol handler initialization failed
		at org.apache.catalina.connector.Connector.initInternal(Connector.java:1072)
		at org.apache.catalina.util.LifecycleBase.init(LifecycleBase.java:122)
		at org.apache.catalina.core.StandardService.initInternal(StandardService.java:522)
		at org.apache.catalina.util.LifecycleBase.init(LifecycleBase.java:122)
		at org.apache.catalina.core.StandardServer.initInternal(StandardServer.java:986)
		at org.apache.catalina.util.LifecycleBase.init(LifecycleBase.java:122)
		at org.apache.catalina.startup.Catalina.load(Catalina.java:690)
		at org.apache.catalina.startup.Catalina.load(Catalina.java:713)
		at java.base/jdk.internal.reflect.DirectMethodHandleAccessor.invoke(DirectMethodHandleAccessor.java:104)
		at java.base/java.lang.reflect.Method.invoke(Method.java:565)
		at org.apache.catalina.startup.Bootstrap.load(Bootstrap.java:302)
		at org.apache.catalina.startup.Bootstrap.main(Bootstrap.java:475)
	Caused by: java.net.BindException: Address already in use
		at java.base/sun.nio.ch.Net.bind0(Native Method)
		at java.base/sun.nio.ch.Net.bind(Net.java:522)
		at java.base/sun.nio.ch.ServerSocketChannelImpl.netBind(ServerSocketChannelImpl.java:335)
		at java.base/sun.nio.ch.ServerSocketChannelImpl.bind(ServerSocketChannelImpl.java:297)
		at org.apache.tomcat.util.net.NioEndpoint.initServerSocket(NioEndpoint.java:298)
		at org.apache.tomcat.util.net.NioEndpoint.bind(NioEndpoint.java:253)
		at org.apache.tomcat.util.net.AbstractEndpoint.bindWithCleanup(AbstractEndpoint.java:1465)
		at org.apache.tomcat.util.net.AbstractEndpoint.init(AbstractEndpoint.java:1478)
		at org.apache.coyote.AbstractProtocol.init(AbstractProtocol.java:663)
		at org.apache.coyote.http11.AbstractHttp11Protocol.init(AbstractHttp11Protocol.java:80)
		at org.apache.catalina.connector.Connector.initInternal(Connector.java:1070)
		... 11 more
01-Jun-2026 12:28:30.245 INFO [main] org.apache.catalina.startup.Catalina.load Server initialization in [1309] milliseconds
01-Jun-2026 12:28:30.327 INFO [main] org.apache.catalina.core.StandardService.startInternal Starting service [Catalina]
01-Jun-2026 12:28:30.328 INFO [main] org.apache.catalina.core.StandardEngine.startInternal Starting Servlet engine: [Apache Tomcat/9.0.108]
01-Jun-2026 12:28:30.363 INFO [main] org.apache.catalina.startup.HostConfig.deployWAR Deploying web application archive [/workspaces/Cuoi_ki/WEB chuyển đổi/apache-tomcat-9.0.108/webapps/ROOT.war]
01-Jun-2026 12:28:31.167 INFO [main] org.apache.jasper.servlet.TldScanner.scanJars At least one JAR was scanned for TLDs yet contained no TLDs. Enable debug logging for this logger for a complete list of JARs that were scanned but no TLDs were found in them. Skipping unneeded JARs during scanning can improve startup time and JSP compilation time.
01-Jun-2026 12:28:31.225 INFO [main] org.apache.catalina.startup.HostConfig.deployWAR Deployment of web application archive [/workspaces/Cuoi_ki/WEB chuyển đổi/apache-tomcat-9.0.108/webapps/ROOT.war] has finished in [861] ms
01-Jun-2026 12:28:31.233 INFO [main] org.apache.catalina.startup.HostConfig.deployWAR Deploying web application archive [/workspaces/Cuoi_ki/WEB chuyển đổi/apache-tomcat-9.0.108/webapps/webchuyendoi-1.0.war]
01-Jun-2026 12:28:31.276 INFO [main] org.apache.catalina.startup.HostConfig.deployWAR Deployment of web application archive [/workspaces/Cuoi_ki/WEB chuyển đổi/apache-tomcat-9.0.108/webapps/webchuyendoi-1.0.war] has finished in [43] ms
01-Jun-2026 12:28:31.277 INFO [main] org.apache.catalina.startup.HostConfig.deployDirectory Deploying web application directory [/workspaces/Cuoi_ki/WEB chuyển đổi/apache-tomcat-9.0.108/webapps/host-manager]
01-Jun-2026 12:28:31.344 INFO [main] org.apache.catalina.startup.HostConfig.deployDirectory Deployment of web application directory [/workspaces/Cuoi_ki/WEB chuyển đổi/apache-tomcat-9.0.108/webapps/host-manager] has finished in [66] ms
01-Jun-2026 12:28:31.344 INFO [main] org.apache.catalina.startup.HostConfig.deployDirectory Deploying web application directory [/workspaces/Cuoi_ki/WEB chuyển đổi/apache-tomcat-9.0.108/webapps/examples]
01-Jun-2026 12:28:31.724 INFO [main] org.apache.catalina.startup.HostConfig.deployDirectory Deployment of web application directory [/workspaces/Cuoi_ki/WEB chuyển đổi/apache-tomcat-9.0.108/webapps/examples] has finished in [379] ms
01-Jun-2026 12:28:31.724 INFO [main] org.apache.catalina.startup.HostConfig.deployDirectory Deploying web application directory [/workspaces/Cuoi_ki/WEB chuyển đổi/apache-tomcat-9.0.108/webapps/docs]
01-Jun-2026 12:28:31.751 INFO [main] org.apache.catalina.startup.HostConfig.deployDirectory Deployment of web application directory [/workspaces/Cuoi_ki/WEB chuyển đổi/apache-tomcat-9.0.108/webapps/docs] has finished in [27] ms
01-Jun-2026 12:28:31.752 INFO [main] org.apache.catalina.startup.HostConfig.deployDirectory Deploying web application directory [/workspaces/Cuoi_ki/WEB chuyển đổi/apache-tomcat-9.0.108/webapps/manager]
01-Jun-2026 12:28:31.777 INFO [main] org.apache.catalina.startup.HostConfig.deployDirectory Deployment of web application directory [/workspaces/Cuoi_ki/WEB chuyển đổi/apache-tomcat-9.0.108/webapps/manager] has finished in [25] ms
01-Jun-2026 12:28:31.784 INFO [main] org.apache.catalina.startup.Catalina.start Server startup in [1536] milliseconds
01-Jun-2026 12:28:31.793 SEVERE [main] org.apache.catalina.core.StandardServer.await Failed to create server shutdown socket on address [localhost] and port [8005] (base port [8005] and offset [0])
	java.net.BindException: Address already in use
		at java.base/sun.nio.ch.Net.bind0(Native Method)
		at java.base/sun.nio.ch.Net.bind(Net.java:522)
		at java.base/sun.nio.ch.Net.bind(Net.java:511)
		at java.base/sun.nio.ch.NioSocketImpl.bind(NioSocketImpl.java:641)
		at java.base/java.net.ServerSocket.bind(ServerSocket.java:326)
		at java.base/java.net.ServerSocket.<init>(ServerSocket.java:222)
		at org.apache.catalina.core.StandardServer.await(StandardServer.java:537)
		at org.apache.catalina.startup.Catalina.await(Catalina.java:829)
		at org.apache.catalina.startup.Catalina.start(Catalina.java:777)
		at java.base/jdk.internal.reflect.DirectMethodHandleAccessor.invoke(DirectMethodHandleAccessor.java:104)
		at java.base/java.lang.reflect.Method.invoke(Method.java:565)
		at org.apache.catalina.startup.Bootstrap.start(Bootstrap.java:345)
		at org.apache.catalina.startup.Bootstrap.main(Bootstrap.java:476)
01-Jun-2026 12:28:31.794 INFO [main] org.apache.coyote.AbstractProtocol.pause Pausing ProtocolHandler ["http-nio-8080"]
01-Jun-2026 12:28:31.794 INFO [main] org.apache.catalina.core.StandardService.stopInternal Stopping service [Catalina]
01-Jun-2026 12:28:31.834 INFO [main] org.apache.coyote.AbstractProtocol.stop Stopping ProtocolHandler ["http-nio-8080"]
01-Jun-2026 12:28:31.836 INFO [main] org.apache.coyote.AbstractProtocol.destroy Destroying ProtocolHandler ["http-nio-8080"]
01-Jun-2026 13:01:57.485 INFO [Catalina-utility-1] org.apache.catalina.startup.HostConfig.undeploy Undeploying context []
01-Jun-2026 13:01:57.501 WARNING [Catalina-utility-1] org.apache.catalina.loader.WebappClassLoaderBase.clearReferencesJdbc The web application [ROOT] registered the JDBC driver [com.microsoft.sqlserver.jdbc.SQLServerDriver] but failed to unregister it when the web application was stopped. To prevent a memory leak, the JDBC Driver has been forcibly unregistered.
01-Jun-2026 13:01:57.525 INFO [Catalina-utility-1] org.apache.catalina.startup.HostConfig.deployWAR Deploying web application archive [/workspaces/Cuoi_ki/WEB chuyển đổi/apache-tomcat-9.0.108/webapps/ROOT.war]
01-Jun-2026 13:01:57.765 INFO [Catalina-utility-1] org.apache.jasper.servlet.TldScanner.scanJars At least one JAR was scanned for TLDs yet contained no TLDs. Enable debug logging for this logger for a complete list of JARs that were scanned but no TLDs were found in them. Skipping unneeded JARs during scanning can improve startup time and JSP compilation time.
01-Jun-2026 13:01:57.770 INFO [Catalina-utility-1] org.apache.catalina.startup.HostConfig.deployWAR Deployment of web application archive [/workspaces/Cuoi_ki/WEB chuyển đổi/apache-tomcat-9.0.108/webapps/ROOT.war] has finished in [244] ms
01-Jun-2026 13:01:59.360 INFO [main] org.apache.catalina.core.StandardServer.await A valid shutdown command was received via the shutdown port. Stopping the Server instance.
01-Jun-2026 13:01:59.362 INFO [main] org.apache.coyote.AbstractProtocol.pause Pausing ProtocolHandler ["http-nio-8080"]
01-Jun-2026 13:01:59.372 INFO [main] org.apache.catalina.core.StandardService.stopInternal Stopping service [Catalina]
01-Jun-2026 13:01:59.424 INFO [main] org.apache.coyote.AbstractProtocol.stop Stopping ProtocolHandler ["http-nio-8080"]
01-Jun-2026 13:01:59.472 INFO [main] org.apache.coyote.AbstractProtocol.destroy Destroying ProtocolHandler ["http-nio-8080"]
01-Jun-2026 13:02:00.777 INFO [main] org.apache.catalina.startup.VersionLoggerListener.log Server version name:   Apache Tomcat/9.0.108
01-Jun-2026 13:02:00.781 INFO [main] org.apache.catalina.startup.VersionLoggerListener.log Server built:          Jul 31 2025 18:19:48 UTC
01-Jun-2026 13:02:00.781 INFO [main] org.apache.catalina.startup.VersionLoggerListener.log Server version number: 9.0.108.0
01-Jun-2026 13:02:00.782 INFO [main] org.apache.catalina.startup.VersionLoggerListener.log OS Name:               Linux
01-Jun-2026 13:02:00.782 INFO [main] org.apache.catalina.startup.VersionLoggerListener.log OS Version:            6.8.0-1052-azure
01-Jun-2026 13:02:00.783 INFO [main] org.apache.catalina.startup.VersionLoggerListener.log Architecture:          amd64
01-Jun-2026 13:02:00.783 INFO [main] org.apache.catalina.startup.VersionLoggerListener.log Java Home:             /usr/local/sdkman/candidates/java/25.0.2-ms
01-Jun-2026 13:02:00.783 INFO [main] org.apache.catalina.startup.VersionLoggerListener.log JVM Version:           25.0.2+10-LTS
01-Jun-2026 13:02:00.783 INFO [main] org.apache.catalina.startup.VersionLoggerListener.log JVM Vendor:            Microsoft
01-Jun-2026 13:02:00.783 INFO [main] org.apache.catalina.startup.VersionLoggerListener.log CATALINA_BASE:         /workspaces/Cuoi_ki/WEB chuyển đổi/apache-tomcat-9.0.108
01-Jun-2026 13:02:00.784 INFO [main] org.apache.catalina.startup.VersionLoggerListener.log CATALINA_HOME:         /workspaces/Cuoi_ki/WEB chuyển đổi/apache-tomcat-9.0.108
01-Jun-2026 13:02:00.822 INFO [main] org.apache.catalina.startup.VersionLoggerListener.log Command line argument: --add-opens=java.base/java.lang=ALL-UNNAMED
01-Jun-2026 13:02:00.822 INFO [main] org.apache.catalina.startup.VersionLoggerListener.log Command line argument: --add-opens=java.base/java.lang.invoke=ALL-UNNAMED
01-Jun-2026 13:02:00.823 INFO [main] org.apache.catalina.startup.VersionLoggerListener.log Command line argument: --add-opens=java.base/java.lang.reflect=ALL-UNNAMED
01-Jun-2026 13:02:00.824 INFO [main] org.apache.catalina.startup.VersionLoggerListener.log Command line argument: --add-opens=java.base/java.io=ALL-UNNAMED
01-Jun-2026 13:02:00.825 INFO [main] org.apache.catalina.startup.VersionLoggerListener.log Command line argument: --add-opens=java.base/java.util=ALL-UNNAMED
01-Jun-2026 13:02:00.825 INFO [main] org.apache.catalina.startup.VersionLoggerListener.log Command line argument: --add-opens=java.base/java.util.concurrent=ALL-UNNAMED
01-Jun-2026 13:02:00.825 INFO [main] org.apache.catalina.startup.VersionLoggerListener.log Command line argument: --add-opens=java.rmi/sun.rmi.transport=ALL-UNNAMED
01-Jun-2026 13:02:00.825 INFO [main] org.apache.catalina.startup.VersionLoggerListener.log Command line argument: -Djava.util.logging.config.file=/workspaces/Cuoi_ki/WEB chuyển đổi/apache-tomcat-9.0.108/conf/logging.properties
01-Jun-2026 13:02:00.825 INFO [main] org.apache.catalina.startup.VersionLoggerListener.log Command line argument: -Djava.util.logging.manager=org.apache.juli.ClassLoaderLogManager
01-Jun-2026 13:02:00.825 INFO [main] org.apache.catalina.startup.VersionLoggerListener.log Command line argument: -Djdk.tls.ephemeralDHKeySize=2048
01-Jun-2026 13:02:00.825 INFO [main] org.apache.catalina.startup.VersionLoggerListener.log Command line argument: -Djava.protocol.handler.pkgs=org.apache.catalina.webresources
01-Jun-2026 13:02:00.826 INFO [main] org.apache.catalina.startup.VersionLoggerListener.log Command line argument: -Dsun.io.useCanonCaches=false
01-Jun-2026 13:02:00.826 INFO [main] org.apache.catalina.startup.VersionLoggerListener.log Command line argument: -Dorg.apache.catalina.security.SecurityListener.UMASK=0027
01-Jun-2026 13:02:00.826 INFO [main] org.apache.catalina.startup.VersionLoggerListener.log Command line argument: -Dignore.endorsed.dirs=
01-Jun-2026 13:02:00.826 INFO [main] org.apache.catalina.startup.VersionLoggerListener.log Command line argument: -Dcatalina.base=/workspaces/Cuoi_ki/WEB chuyển đổi/apache-tomcat-9.0.108
01-Jun-2026 13:02:00.827 INFO [main] org.apache.catalina.startup.VersionLoggerListener.log Command line argument: -Dcatalina.home=/workspaces/Cuoi_ki/WEB chuyển đổi/apache-tomcat-9.0.108
01-Jun-2026 13:02:00.827 INFO [main] org.apache.catalina.startup.VersionLoggerListener.log Command line argument: -Djava.io.tmpdir=/workspaces/Cuoi_ki/WEB chuyển đổi/apache-tomcat-9.0.108/temp
01-Jun-2026 13:02:00.832 INFO [main] org.apache.catalina.core.AprLifecycleListener.lifecycleEvent The Apache Tomcat Native library which allows using OpenSSL was not found on the java.library.path: [/usr/java/packages/lib:/usr/lib64:/lib64:/lib:/usr/lib]
01-Jun-2026 13:02:01.346 INFO [main] org.apache.coyote.AbstractProtocol.init Initializing ProtocolHandler ["http-nio-8080"]
01-Jun-2026 13:02:01.372 INFO [main] org.apache.catalina.startup.Catalina.load Server initialization in [892] milliseconds
01-Jun-2026 13:02:01.448 INFO [main] org.apache.catalina.core.StandardService.startInternal Starting service [Catalina]
01-Jun-2026 13:02:01.450 INFO [main] org.apache.catalina.core.StandardEngine.startInternal Starting Servlet engine: [Apache Tomcat/9.0.108]
01-Jun-2026 13:02:01.483 INFO [main] org.apache.catalina.startup.HostConfig.deployWAR Deploying web application archive [/workspaces/Cuoi_ki/WEB chuyển đổi/apache-tomcat-9.0.108/webapps/ROOT.war]
01-Jun-2026 13:02:02.411 INFO [main] org.apache.jasper.servlet.TldScanner.scanJars At least one JAR was scanned for TLDs yet contained no TLDs. Enable debug logging for this logger for a complete list of JARs that were scanned but no TLDs were found in them. Skipping unneeded JARs during scanning can improve startup time and JSP compilation time.
01-Jun-2026 13:02:02.475 INFO [main] org.apache.catalina.startup.HostConfig.deployWAR Deployment of web application archive [/workspaces/Cuoi_ki/WEB chuyển đổi/apache-tomcat-9.0.108/webapps/ROOT.war] has finished in [991] ms
01-Jun-2026 13:02:02.485 INFO [main] org.apache.catalina.startup.HostConfig.deployWAR Deploying web application archive [/workspaces/Cuoi_ki/WEB chuyển đổi/apache-tomcat-9.0.108/webapps/webchuyendoi-1.0.war]
01-Jun-2026 13:02:02.524 INFO [main] org.apache.catalina.startup.HostConfig.deployWAR Deployment of web application archive [/workspaces/Cuoi_ki/WEB chuyển đổi/apache-tomcat-9.0.108/webapps/webchuyendoi-1.0.war] has finished in [39] ms
01-Jun-2026 13:02:02.527 INFO [main] org.apache.catalina.startup.HostConfig.deployDirectory Deploying web application directory [/workspaces/Cuoi_ki/WEB chuyển đổi/apache-tomcat-9.0.108/webapps/host-manager]
01-Jun-2026 13:02:02.597 INFO [main] org.apache.catalina.startup.HostConfig.deployDirectory Deployment of web application directory [/workspaces/Cuoi_ki/WEB chuyển đổi/apache-tomcat-9.0.108/webapps/host-manager] has finished in [69] ms
01-Jun-2026 13:02:02.597 INFO [main] org.apache.catalina.startup.HostConfig.deployDirectory Deploying web application directory [/workspaces/Cuoi_ki/WEB chuyển đổi/apache-tomcat-9.0.108/webapps/examples]
01-Jun-2026 13:02:02.851 INFO [main] org.apache.catalina.startup.HostConfig.deployDirectory Deployment of web application directory [/workspaces/Cuoi_ki/WEB chuyển đổi/apache-tomcat-9.0.108/webapps/examples] has finished in [254] ms
01-Jun-2026 13:02:02.853 INFO [main] org.apache.catalina.startup.HostConfig.deployDirectory Deploying web application directory [/workspaces/Cuoi_ki/WEB chuyển đổi/apache-tomcat-9.0.108/webapps/docs]
01-Jun-2026 13:02:02.887 INFO [main] org.apache.catalina.startup.HostConfig.deployDirectory Deployment of web application directory [/workspaces/Cuoi_ki/WEB chuyển đổi/apache-tomcat-9.0.108/webapps/docs] has finished in [34] ms
01-Jun-2026 13:02:02.889 INFO [main] org.apache.catalina.startup.HostConfig.deployDirectory Deploying web application directory [/workspaces/Cuoi_ki/WEB chuyển đổi/apache-tomcat-9.0.108/webapps/manager]
01-Jun-2026 13:02:02.940 INFO [main] org.apache.catalina.startup.HostConfig.deployDirectory Deployment of web application directory [/workspaces/Cuoi_ki/WEB chuyển đổi/apache-tomcat-9.0.108/webapps/manager] has finished in [51] ms
01-Jun-2026 13:02:02.944 INFO [main] org.apache.coyote.AbstractProtocol.start Starting ProtocolHandler ["http-nio-8080"]
01-Jun-2026 13:02:02.967 INFO [main] org.apache.catalina.startup.Catalina.start Server startup in [1592] milliseconds
